condition,target,source,band,n_subjects,n_groups,n_missing,median,mean,n_positive,fraction_positive,ci_low,ci_high,ci_status,estimand,is_synthetic,synthetic_notice,protocol_id
non_speaking,jaw,left_brow,0–100 ms,30,15,0,-0.0002955029383567667,-0.0003320185673865029,4,0.13333333333333333,-0.0005137785366404167,-0.00022698777454085,nominal_fixed_oof_group,gain,True,MOCK DATA / NOT A SCIENTIFIC RESULT,displacement-report-draft-v1
non_speaking,jaw,left_brow,100–250 ms,30,15,0,-0.0006066165188061,-0.0006728177363909407,0,0.0,-0.0010023405076681124,-0.000482401562411625,nominal_fixed_oof_group,gain,True,MOCK DATA / NOT A SCIENTIFIC RESULT,displacement-report-draft-v1
non_speaking,jaw,left_brow,250–500 ms,30,15,0,-0.00020381699759746156,-0.0002453946491901527,11,0.36666666666666664,-0.000452351310651225,-0.0001258038375985466,nominal_fixed_oof_group,gain,True,MOCK DATA / NOT A SCIENTIFIC RESULT,displacement-report-draft-v1
non_speaking,jaw,left_cheek,0–100 ms,30,15,0,-6.845388428460518e-06,-5.147104456479952e-05,14,0.4666666666666667,-0.0002708514699429833,6.266160185005745e-05,nominal_fixed_oof_group,gain,True,MOCK DATA / NOT A SCIENTIFIC RESULT,displacement-report-draft-v1
non_speaking,jaw,left_cheek,100–250 ms,30,15,0,0.00023400657248938154,0.00015310223507964245,17,0.5666666666666667,-0.0002446247563548125,0.000360019666317075,nominal_fixed_oof_group,gain,True,MOCK DATA / NOT A SCIENTIFIC RESULT,displacement-report-draft-v1
non_speaking,jaw,left_cheek,250–500 ms,30,15,0,0.0002456116561296944,0.00019479971526398845,19,0.6333333333333333,-5.499258285617502e-05,0.00032475413571581,nominal_fixed_oof_group,gain,True,MOCK DATA / NOT A SCIENTIFIC RESULT,displacement-report-draft-v1
non_speaking,jaw,left_eyelid,0–100 ms,30,15,0,-0.00021258467378474998,-0.0001660431371306685,10,0.3333333333333333,-0.0003765339139143,-7.334761193797015e-05,nominal_fixed_oof_group,gain,True,MOCK DATA / NOT A SCIENTIFIC RESULT,displacement-report-draft-v1
non_speaking,jaw,left_eyelid,100–250 ms,30,15,0,-0.00030725852517266255,-0.00022288078126841051,10,0.3333333333333333,-0.0006044912336619375,-5.482790102269994e-05,nominal_fixed_oof_group,gain,True,MOCK DATA / NOT A SCIENTIFIC RESULT,displacement-report-draft-v1
non_speaking,jaw,left_eyelid,250–500 ms,30,15,0,-0.00046476928185888125,-0.0004117758692568789,4,0.13333333333333333,-0.0006514461806588125,-0.00030623031648739895,nominal_fixed_oof_group,gain,True,MOCK DATA / NOT A SCIENTIFIC RESULT,displacement-report-draft-v1
non_speaking,jaw,mouth,0–100 ms,30,15,0,1.0584000604489665e-05,6.3404099018269995e-06,15,0.5,-6.23943320665829e-05,9.754317602356752e-05,nominal_fixed_oof_group,gain,True,MOCK DATA / NOT A SCIENTIFIC RESULT,displacement-report-draft-v1
non_speaking,jaw,mouth,100–250 ms,30,15,0,1.0584000604489665e-05,6.3404099018269995e-06,15,0.5,-6.23943320665829e-05,9.754317602356752e-05,nominal_fixed_oof_group,gain,True,MOCK DATA / NOT A SCIENTIFIC RESULT,displacement-report-draft-v1
non_speaking,jaw,mouth,250–500 ms,30,15,0,1.0584000604489665e-05,6.3404099018269995e-06,15,0.5,-6.23943320665829e-05,9.754317602356752e-05,nominal_fixed_oof_group,gain,True,MOCK DATA / NOT A SCIENTIFIC RESULT,displacement-report-draft-v1
non_speaking,jaw,right_brow,0–100 ms,30,15,0,-0.00020893810007285,-0.000173595737991888,10,0.3333333333333333,-0.0002808886792517667,2.706595173919586e-06,nominal_fixed_oof_group,gain,True,MOCK DATA / NOT A SCIENTIFIC RESULT,displacement-report-draft-v1
non_speaking,jaw,right_brow,100–250 ms,30,15,0,-0.0005731241913005251,-0.0005090500547114082,9,0.3,-0.0007035674035399874,-0.00018942173585825804,nominal_fixed_oof_group,gain,True,MOCK DATA / NOT A SCIENTIFIC RESULT,displacement-report-draft-v1
non_speaking,jaw,right_brow,250–500 ms,30,15,0,-0.0006238908279642812,-0.0005836490888483556,0,0.0,-0.0007058156418722876,-0.0003829066347779,nominal_fixed_oof_group,gain,True,MOCK DATA / NOT A SCIENTIFIC RESULT,displacement-report-draft-v1
non_speaking,jaw,right_cheek,0–100 ms,24,12,6,-2.3428774885148043e-06,-3.3126137888134004e-05,12,0.5,-0.0001456383251906,0.00019610900519751346,nominal_fixed_oof_group,gain,True,MOCK DATA / NOT A SCIENTIFIC RESULT,displacement-report-draft-v1
non_speaking,jaw,right_cheek,100–250 ms,24,12,6,0.00034823778019636253,0.00029242909296196866,16,0.6666666666666666,8.844948229985052e-05,0.000708022250981125,nominal_fixed_oof_group,gain,True,MOCK DATA / NOT A SCIENTIFIC RESULT,displacement-report-draft-v1
non_speaking,jaw,right_cheek,250–500 ms,24,12,6,0.0004046128366284948,0.00036956221009426694,19,0.7916666666666666,0.00024145288682913567,0.0006305753479007082,nominal_fixed_oof_group,gain,True,MOCK DATA / NOT A SCIENTIFIC RESULT,displacement-report-draft-v1
non_speaking,jaw,right_eyelid,0–100 ms,30,15,0,-0.00017280128381208336,-0.0001403727281026173,10,0.3333333333333333,-0.0002790788293933167,3.7520571574110944e-05,nominal_fixed_oof_group,gain,True,MOCK DATA / NOT A SCIENTIFIC RESULT,displacement-report-draft-v1
non_speaking,jaw,right_eyelid,100–250 ms,30,15,0,-0.0002402743207665375,-0.0001814827860311006,12,0.4,-0.0004329508022174375,0.00014102988461762645,nominal_fixed_oof_group,gain,True,MOCK DATA / NOT A SCIENTIFIC RESULT,displacement-report-draft-v1
non_speaking,jaw,right_eyelid,250–500 ms,30,15,0,-0.00019491812698043125,-0.00015799412411454913,11,0.36666666666666664,-0.00031592852389051874,4.4559846094148185e-05,nominal_fixed_oof_group,gain,True,MOCK DATA / NOT A SCIENTIFIC RESULT,displacement-report-draft-v1
non_speaking,left_brow,jaw,0–100 ms,30,15,0,-6.043888188550285e-07,-3.712001784852774e-05,15,0.5,-0.00021887998710241668,6.791077499706459e-05,nominal_fixed_oof_group,gain,True,MOCK DATA / NOT A SCIENTIFIC RESULT,displacement-report-draft-v1
non_speaking,left_brow,jaw,100–250 ms,30,15,0,0.0002911271683313808,0.00022492595074657926,18,0.6,-0.00010459682053056184,0.0004153421247258125,nominal_fixed_oof_group,gain,True,MOCK DATA / NOT A SCIENTIFIC RESULT,displacement-report-draft-v1
non_speaking,left_brow,jaw,250–500 ms,30,15,0,0.0003191689918299756,0.0002775913402373218,21,0.7,7.063467877618912e-05,0.0003971821518288922,nominal_fixed_oof_group,gain,True,MOCK DATA / NOT A SCIENTIFIC RESULT,displacement-report-draft-v1
non_speaking,left_brow,left_cheek,0–100 ms,30,15,0,-0.00020658851416173333,-0.00016088884187238483,11,0.36666666666666664,-0.0002741253219620167,6.192185981642386e-05,nominal_fixed_oof_group,gain,True,MOCK DATA / NOT A SCIENTIFIC RESULT,displacement-report-draft-v1
non_speaking,left_brow,left_cheek,100–250 ms,30,15,0,-0.0005478015396844374,-0.0004649500585741346,8,0.26666666666666666,-0.0006702427799691375,-6.100412816886887e-05,nominal_fixed_oof_group,gain,True,MOCK DATA / NOT A SCIENTIFIC RESULT,displacement-report-draft-v1
non_speaking,left_brow,left_cheek,250–500 ms,30,15,0,-0.0005906592703498562,-0.0005386244265627625,0,0.0,-0.000667558448565275,-0.000284926325993075,nominal_fixed_oof_group,gain,True,MOCK DATA / NOT A SCIENTIFIC RESULT,displacement-report-draft-v1
non_speaking,left_brow,left_eyelid,0–100 ms,30,15,0,-0.00023444933825995002,-0.0001754695468314441,10,0.3333333333333333,-0.0003277744851458667,-2.7116179102025876e-05,nominal_fixed_oof_group,gain,True,MOCK DATA / NOT A SCIENTIFIC RESULT,displacement-report-draft-v1
non_speaking,left_brow,left_eyelid,100–250 ms,30,15,0,-0.0005328853340240999,-0.0004259575852978453,8,0.26666666666666666,-0.00070207969050385,-0.00015699950248585794,nominal_fixed_oof_group,gain,True,MOCK DATA / NOT A SCIENTIFIC RESULT,displacement-report-draft-v1
non_speaking,left_brow,left_eyelid,250–500 ms,30,15,0,-0.0005274671959992563,-0.00046031126074121733,4,0.13333333333333333,-0.0006337296525190188,-0.00029139223072695785,nominal_fixed_oof_group,gain,True,MOCK DATA / NOT A SCIENTIFIC RESULT,displacement-report-draft-v1
non_speaking,left_brow,mouth,0–100 ms,30,15,0,1.3828842205911076e-05,-2.611239784647112e-05,16,0.5333333333333333,-0.00012564954487463334,0.00018945922632016666,nominal_fixed_oof_group,gain,True,MOCK DATA / NOT A SCIENTIFIC RESULT,displacement-report-draft-v1
non_speaking,left_brow,mouth,100–250 ms,30,15,0,0.0001593115966582002,8.68998980629082e-05,18,0.6,-9.355653944852025e-05,0.000477721701652,nominal_fixed_oof_group,gain,True,MOCK DATA / NOT A SCIENTIFIC RESULT,displacement-report-draft-v1
non_speaking,left_brow,mouth,250–500 ms,30,15,0,0.0001064163081759583,6.093816615280089e-05,18,0.6,-5.239743642721824e-05,0.0003063936634573219,nominal_fixed_oof_group,gain,True,MOCK DATA / NOT A SCIENTIFIC RESULT,displacement-report-draft-v1
non_speaking,left_brow,right_brow,0–100 ms,30,15,0,-0.00012060638132208333,-0.00012028050322404132,13,0.43333333333333335,-0.0003800676342125,2.3294041897506676e-06,nominal_fixed_oof_group,gain,True,MOCK DATA / NOT A SCIENTIFIC RESULT,displacement-report-draft-v1
non_speaking,left_brow,right_brow,100–250 ms,30,15,0,-0.0001300664521778625,-0.00012947564962427315,14,0.4666666666666667,-0.0006004582080878,9.281068021429182e-05,nominal_fixed_oof_group,gain,True,MOCK DATA / NOT A SCIENTIFIC RESULT,displacement-report-draft-v1
non_speaking,left_brow,right_brow,250–500 ms,30,15,0,-9.464016439775461e-05,-9.426911106020432e-05,14,0.4666666666666667,-0.00039006954247873754,4.5337740792631064e-05,nominal_fixed_oof_group,gain,True,MOCK DATA / NOT A SCIENTIFIC RESULT,displacement-report-draft-v1
non_speaking,left_brow,right_cheek,0–100 ms,24,12,6,-0.00018730998223045,-0.00015166801133039003,8,0.3333333333333333,-0.0003893369503706333,-4.738906125026799e-05,nominal_fixed_oof_group,gain,True,MOCK DATA / NOT A SCIENTIFIC RESULT,displacement-report-draft-v1
non_speaking,left_brow,right_cheek,100–250 ms,24,12,6,-0.00038491922629048755,-0.0003203019121867272,8,0.3333333333333333,-0.00075118516860735,-0.00013124879583041368,nominal_fixed_oof_group,gain,True,MOCK DATA / NOT A SCIENTIFIC RESULT,displacement-report-draft-v1
non_speaking,left_brow,right_cheek,250–500 ms,24,12,6,-0.000383117076418725,-0.00034253419485437826,5,0.20833333333333334,-0.0006131502736239437,-0.00022379945112703124,nominal_fixed_oof_group,gain,True,MOCK DATA / NOT A SCIENTIFIC RESULT,displacement-report-draft-v1
non_speaking,left_brow,right_eyelid,0–100 ms,30,15,0,-0.000186565283371,-0.00016457549349767328,8,0.26666666666666666,-0.0003931382684188667,-4.3273261743797566e-05,nominal_fixed_oof_group,gain,True,MOCK DATA / NOT A SCIENTIFIC RESULT,displacement-report-draft-v1
non_speaking,left_brow,right_eyelid,100–250 ms,30,15,0,-0.0002618578982521,-0.00022199138348197414,10,0.3333333333333333,-0.000636365567808625,-2.075811677478088e-06,nominal_fixed_oof_group,gain,True,MOCK DATA / NOT A SCIENTIFIC RESULT,displacement-report-draft-v1
non_speaking,left_brow,right_eyelid,250–500 ms,30,15,0,-0.0005682858588410688,-0.0005432477081574701,0,0.0,-0.000803495269961875,-0.00040512981006025087,nominal_fixed_oof_group,gain,True,MOCK DATA / NOT A SCIENTIFIC RESULT,displacement-report-draft-v1
non_speaking,left_cheek,jaw,0–100 ms,30,15,0,-3.167533045766004e-05,-7.630098659399813e-05,13,0.43333333333333335,-0.00029568141197216667,3.783165982085835e-05,nominal_fixed_oof_group,gain,True,MOCK DATA / NOT A SCIENTIFIC RESULT,displacement-report-draft-v1
non_speaking,left_cheek,jaw,100–250 ms,30,15,0,1.8950723891257375e-05,-6.195361351850981e-05,16,0.5333333333333333,-0.00045968060495296247,0.00014496381771894585,nominal_fixed_oof_group,gain,True,MOCK DATA / NOT A SCIENTIFIC RESULT,displacement-report-draft-v1
non_speaking,left_cheek,jaw,250–500 ms,30,15,0,-0.00039192410173687276,-0.00044273604260261273,0,0.0,-0.0006925283407227812,-0.00031278162215075576,nominal_fixed_oof_group,gain,True,MOCK DATA / NOT A SCIENTIFIC RESULT,displacement-report-draft-v1
non_speaking,left_cheek,left_brow,0–100 ms,30,15,0,-0.00016961196427691668,-0.00012391229198756743,11,0.36666666666666664,-0.00023714877207718334,9.889840970122419e-05,nominal_fixed_oof_group,gain,True,MOCK DATA / NOT A SCIENTIFIC RESULT,displacement-report-draft-v1
non_speaking,left_cheek,left_brow,100–250 ms,30,15,0,-0.00023449222575392498,-0.00015164074464362435,14,0.4666666666666667,-0.000356933466038625,0.0002523051857615875,nominal_fixed_oof_group,gain,True,MOCK DATA / NOT A SCIENTIFIC RESULT,displacement-report-draft-v1
non_speaking,left_cheek,left_brow,250–500 ms,30,15,0,-0.00019128668422634375,-0.00013925184043927838,11,0.36666666666666664,-0.0002681858624417687,0.00011444626013035628,nominal_fixed_oof_group,gain,True,MOCK DATA / NOT A SCIENTIFIC RESULT,displacement-report-draft-v1
non_speaking,left_cheek,left_eyelid,0–100 ms,30,15,0,4.6597180598119224e-05,6.655940545743689e-06,16,0.5333333333333333,-9.288120648242643e-05,0.00022222756471238333,nominal_fixed_oof_group,gain,True,MOCK DATA / NOT A SCIENTIFIC RESULT,displacement-report-draft-v1
non_speaking,left_cheek,left_eyelid,100–250 ms,30,15,0,0.000436963937189975,0.0003645522385946831,22,0.7333333333333333,0.00018409580108321284,0.0007553740421837875,nominal_fixed_oof_group,gain,True,MOCK DATA / NOT A SCIENTIFIC RESULT,displacement-report-draft-v1
non_speaking,left_cheek,left_eyelid,250–500 ms,30,15,0,0.00046033726855318767,0.00041485912653001965,26,0.8666666666666667,0.0003015235239499908,0.0006603146238345571,nominal_fixed_oof_group,gain,True,MOCK DATA / NOT A SCIENTIFIC RESULT,displacement-report-draft-v1
non_speaking,left_cheek,mouth,0–100 ms,30,15,0,-0.00019995435792263333,-0.0001675258022131508,10,0.3333333333333333,-0.0003062319035038667,1.0367497463580443e-05,nominal_fixed_oof_group,gain,True,MOCK DATA / NOT A SCIENTIFIC RESULT,displacement-report-draft-v1
non_speaking,left_cheek,mouth,100–250 ms,30,15,0,-0.0004703474629925,-0.0004115559282570597,9,0.3,-0.0006630239444434125,-8.904325760830372e-05,nominal_fixed_oof_group,gain,True,MOCK DATA / NOT A SCIENTIFIC RESULT,displacement-report-draft-v1
non_speaking,left_cheek,mouth,250–500 ms,30,15,0,-0.00048819030793043126,-0.00045126630506450835,4,0.13333333333333333,-0.0006092007048404813,-0.0002487123348557863,nominal_fixed_oof_group,gain,True,MOCK DATA / NOT A SCIENTIFIC RESULT,displacement-report-draft-v1
non_speaking,left_cheek,right_brow,0–100 ms,30,15,0,-3.584069612351236e-06,-3.5165081441013634e-05,15,0.5,-0.00021370291943850002,0.00010581925358535795,nominal_fixed_oof_group,gain,True,MOCK DATA / NOT A SCIENTIFIC RESULT,displacement-report-draft-v1
non_speaking,left_cheek,right_brow,100–250 ms,30,15,0,0.00023991919900836098,0.0001826642237779673,18,0.6,-0.00014101696628968883,0.00043826257678857504,nominal_fixed_oof_group,gain,True,MOCK DATA / NOT A SCIENTIFIC RESULT,displacement-report-draft-v1
non_speaking,left_cheek,right_brow,250–500 ms,30,15,0,0.0002493250791507967,0.00021336611194560352,20,0.6666666666666666,1.0078253523760634e-05,0.00037389456832210416,nominal_fixed_oof_group,gain,True,MOCK DATA / NOT A SCIENTIFIC RESULT,displacement-report-draft-v1
non_speaking,left_cheek,right_cheek,0–100 ms,24,12,6,-0.00019068900868395,-0.0001598376242677642,8,0.3333333333333333,-0.00040962425560625,-5.138565198868064e-05,nominal_fixed_oof_group,gain,True,MOCK DATA / NOT A SCIENTIFIC RESULT,displacement-report-draft-v1
non_speaking,left_cheek,right_cheek,100–250 ms,24,12,6,-0.00027753466162335004,-0.0002216024685651535,9,0.375,-0.000674454564241175,-2.4983847850279284e-05,nominal_fixed_oof_group,gain,True,MOCK DATA / NOT A SCIENTIFIC RESULT,displacement-report-draft-v1
non_speaking,left_cheek,right_cheek,250–500 ms,24,12,6,-0.0001930200222554625,-0.00015789182793175596,9,0.375,-0.00044230542852611877,-3.4405571833226e-05,nominal_fixed_oof_group,gain,True,MOCK DATA / NOT A SCIENTIFIC RESULT,displacement-report-draft-v1
non_speaking,left_cheek,right_eyelid,0–100 ms,30,15,0,7.763306142069472e-06,-2.8752322887605245e-05,15,0.5,-0.00021051229214151667,7.627846995799986e-05,nominal_fixed_oof_group,gain,True,MOCK DATA / NOT A SCIENTIFIC RESULT,displacement-report-draft-v1
non_speaking,left_cheek,right_eyelid,100–250 ms,30,15,0,0.0003620282333456782,0.00029582701576087917,19,0.6333333333333333,-3.3695755516286246e-05,0.00048624318974013753,nominal_fixed_oof_group,gain,True,MOCK DATA / NOT A SCIENTIFIC RESULT,displacement-report-draft-v1
non_speaking,left_cheek,right_eyelid,250–500 ms,30,15,0,0.00040954594659856156,0.0003679682950058953,24,0.8,0.00016101163354478542,0.0004875591065974853,nominal_fixed_oof_group,gain,True,MOCK DATA / NOT A SCIENTIFIC RESULT,displacement-report-draft-v1
non_speaking,left_eyelid,jaw,0–100 ms,30,15,0,-0.00023157333981380004,-0.00018503180315971552,9,0.3,-0.0003955225799433167,-9.233627796702195e-05,nominal_fixed_oof_group,gain,True,MOCK DATA / NOT A SCIENTIFIC RESULT,displacement-report-draft-v1
non_speaking,left_eyelid,jaw,100–250 ms,30,15,0,-0.0004651667324755375,-0.0003807889885712791,8,0.26666666666666666,-0.0007623994409648125,-0.000212736108325525,nominal_fixed_oof_group,gain,True,MOCK DATA / NOT A SCIENTIFIC RESULT,displacement-report-draft-v1
non_speaking,left_eyelid,jaw,250–500 ms,30,15,0,-0.0004335164946630875,-0.00038052308206108104,5,0.16666666666666666,-0.0006201933934630125,-0.0002749775292915875,nominal_fixed_oof_group,gain,True,MOCK DATA / NOT A SCIENTIFIC RESULT,displacement-report-draft-v1
non_speaking,left_eyelid,left_brow,0–100 ms,30,15,0,-0.00016533398909196668,-0.0001063541976634824,11,0.36666666666666664,-0.0002586591359779,4.19991700659196e-05,nominal_fixed_oof_group,gain,True,MOCK DATA / NOT A SCIENTIFIC RESULT,displacement-report-draft-v1
non_speaking,left_eyelid,left_brow,100–250 ms,30,15,0,5.274211627439891e-05,0.00015966986500066228,16,0.5333333333333333,-0.00011645224020534048,0.0004286279478126125,nominal_fixed_oof_group,gain,True,MOCK DATA / NOT A SCIENTIFIC RESULT,displacement-report-draft-v1
non_speaking,left_eyelid,left_brow,250–500 ms,30,15,0,0.00021902688806260716,0.000286182823320667,22,0.7333333333333333,0.0001127644315428624,0.00045510185333489934,nominal_fixed_oof_group,gain,True,MOCK DATA / NOT A SCIENTIFIC RESULT,displacement-report-draft-v1
non_speaking,left_eyelid,left_cheek,0–100 ms,30,15,0,-2.2518168569830854e-05,-6.245940862221796e-05,14,0.4666666666666667,-0.00016199655565038332,0.00015311221554443273,nominal_fixed_oof_group,gain,True,MOCK DATA / NOT A SCIENTIFIC RESULT,displacement-report-draft-v1
non_speaking,left_eyelid,left_cheek,100–250 ms,30,15,0,-0.00014866351310847053,-0.00022107521170381273,12,0.4,-0.00040153164921523745,0.0001697465918852753,nominal_fixed_oof_group,gain,True,MOCK DATA / NOT A SCIENTIFIC RESULT,displacement-report-draft-v1
non_speaking,left_eyelid,left_cheek,250–500 ms,30,15,0,-0.00028615681550866253,-0.0003316349575318633,6,0.2,-0.000444970560111875,-8.617946022731274e-05,nominal_fixed_oof_group,gain,True,MOCK DATA / NOT A SCIENTIFIC RESULT,displacement-report-draft-v1
non_speaking,left_eyelid,mouth,0–100 ms,30,15,0,-0.00020577560501645,-0.00017043324293548648,11,0.36666666666666664,-0.00027772618419535,5.869090230321694e-06,nominal_fixed_oof_group,gain,True,MOCK DATA / NOT A SCIENTIFIC RESULT,displacement-report-draft-v1
non_speaking,left_eyelid,mouth,100–250 ms,30,15,0,-0.0005463277714204625,-0.0004822536348313493,9,0.3,-0.0006767709836599125,-0.0001626253159782002,nominal_fixed_oof_group,gain,True,MOCK DATA / NOT A SCIENTIFIC RESULT,displacement-report-draft-v1
non_speaking,left_eyelid,mouth,250–500 ms,30,15,0,-0.000589733670706175,-0.0005494919315902636,0,0.0,-0.0006716584846141874,-0.0003487494775198125,nominal_fixed_oof_group,gain,True,MOCK DATA / NOT A SCIENTIFIC RESULT,displacement-report-draft-v1
non_speaking,left_eyelid,right_brow,0–100 ms,30,15,0,-0.00014649011903669997,-0.00012450032916334701,10,0.3333333333333333,-0.00035306310408453334,-3.1980974094690646e-06,nominal_fixed_oof_group,gain,True,MOCK DATA / NOT A SCIENTIFIC RESULT,displacement-report-draft-v1
non_speaking,left_eyelid,right_brow,100–250 ms,30,15,0,8.237360778337664e-05,0.00012224012255355606,16,0.5333333333333333,-0.00029213406177307504,0.000342155694358025,nominal_fixed_oof_group,gain,True,MOCK DATA / NOT A SCIENTIFIC RESULT,displacement-report-draft-v1
non_speaking,left_eyelid,right_brow,250–500 ms,30,15,0,0.00023390895664424425,0.0002589471073278627,20,0.6666666666666666,-1.3004544765317437e-06,0.00039706500542505054,nominal_fixed_oof_group,gain,True,MOCK DATA / NOT A SCIENTIFIC RESULT,displacement-report-draft-v1
non_speaking,left_eyelid,right_cheek,0–100 ms,24,12,6,9.822682258529642e-05,-1.617384632169152e-05,14,0.5833333333333334,-3.9623467199718443e-05,0.00010737383462426849,nominal_fixed_oof_group,gain,True,MOCK DATA / NOT A SCIENTIFIC RESULT,displacement-report-draft-v1
non_speaking,left_eyelid,right_cheek,100–250 ms,24,12,6,0.0002544575719683375,4.7054227827576595e-05,14,0.5833333333333334,4.541104124675024e-06,0.0002710406995313625,nominal_fixed_oof_group,gain,True,MOCK DATA / NOT A SCIENTIFIC RESULT,displacement-report-draft-v1
non_speaking,left_eyelid,right_cheek,250–500 ms,24,12,6,-0.00024401410801970616,-0.0003742737059008729,0,0.0,-0.0004009740584007416,-0.00023359908054309294,nominal_fixed_oof_group,gain,True,MOCK DATA / NOT A SCIENTIFIC RESULT,displacement-report-draft-v1
non_speaking,left_eyelid,right_eyelid,0–100 ms,30,15,0,-4.1883917624972764e-05,-7.346492945363355e-05,14,0.4666666666666667,-0.00025200276745113333,6.751940557274035e-05,nominal_fixed_oof_group,gain,True,MOCK DATA / NOT A SCIENTIFIC RESULT,displacement-report-draft-v1
non_speaking,left_eyelid,right_eyelid,100–250 ms,30,15,0,-1.8927203650693386e-05,-7.618217888112218e-05,15,0.5,-0.00039986336894877504,0.000179416174129475,nominal_fixed_oof_group,gain,True,MOCK DATA / NOT A SCIENTIFIC RESULT,displacement-report-draft-v1
non_speaking,left_eyelid,right_eyelid,250–500 ms,30,15,0,-4.096684874090891e-05,-7.692581594612016e-05,14,0.4666666666666667,-0.000280213674367925,8.360264043037195e-05,nominal_fixed_oof_group,gain,True,MOCK DATA / NOT A SCIENTIFIC RESULT,displacement-report-draft-v1
non_speaking,mouth,jaw,0–100 ms,30,15,0,-3.461208059160643e-05,-8.768908673469201e-05,14,0.4666666666666667,-0.00024183722202698334,6.569740208667883e-05,nominal_fixed_oof_group,gain,True,MOCK DATA / NOT A SCIENTIFIC RESULT,displacement-report-draft-v1
non_speaking,mouth,jaw,100–250 ms,30,15,0,2.5837405019485307e-05,-7.038885551058424e-05,16,0.5333333333333333,-0.0003498525951735125,0.00020769405284573752,nominal_fixed_oof_group,gain,True,MOCK DATA / NOT A SCIENTIFIC RESULT,displacement-report-draft-v1
non_speaking,mouth,jaw,250–500 ms,30,15,0,3.2751986875438057e-06,-5.715967064486431e-05,15,0.5,-0.00023267677477670624,0.00011749020286693556,nominal_fixed_oof_group,gain,True,MOCK DATA / NOT A SCIENTIFIC RESULT,displacement-report-draft-v1
non_speaking,mouth,left_brow,0–100 ms,30,15,0,-3.5504139400519344e-05,-7.54453794529031e-05,14,0.4666666666666667,-0.00017498252648106668,0.0001401262447137254,nominal_fixed_oof_group,gain,True,MOCK DATA / NOT A SCIENTIFIC RESULT,displacement-report-draft-v1
non_speaking,mouth,left_brow,100–250 ms,30,15,0,-0.00025869610469308644,-0.000331107803288421,10,0.3333333333333333,-0.00051156424079985,5.971400030068152e-05,nominal_fixed_oof_group,gain,True,MOCK DATA / NOT A SCIENTIFIC RESULT,displacement-report-draft-v1
non_speaking,mouth,left_brow,250–500 ms,30,15,0,-0.00042641437794028753,-0.000471892519963472,0,0.0,-0.0005852281225434811,-0.00022643702265891832,nominal_fixed_oof_group,gain,True,MOCK DATA / NOT A SCIENTIFIC RESULT,displacement-report-draft-v1
non_speaking,mouth,left_cheek,0–100 ms,30,15,0,-0.00013083900875465824,-9.841045304518568e-05,12,0.4,-0.00023711655433591663,7.948284663152846e-05,nominal_fixed_oof_group,gain,True,MOCK DATA / NOT A SCIENTIFIC RESULT,displacement-report-draft-v1
non_speaking,mouth,left_cheek,100–250 ms,30,15,0,0.00011527998730596111,0.0001740715220414473,16,0.5333333333333333,-7.739649414492619e-05,0.0004965841926901624,nominal_fixed_oof_group,gain,True,MOCK DATA / NOT A SCIENTIFIC RESULT,displacement-report-draft-v1
non_speaking,mouth,left_cheek,250–500 ms,30,15,0,0.00025830377613144046,0.0002952277789973805,22,0.7333333333333333,0.00013729337922138176,0.0004977817492060776,nominal_fixed_oof_group,gain,True,MOCK DATA / NOT A SCIENTIFIC RESULT,displacement-report-draft-v1
non_speaking,mouth,left_eyelid,0–100 ms,30,15,0,-0.00016879905513163333,-0.00013345669305066653,12,0.4,-0.00024074963431051666,4.284564011514287e-05,nominal_fixed_oof_group,gain,True,MOCK DATA / NOT A SCIENTIFIC RESULT,displacement-report-draft-v1
non_speaking,mouth,left_eyelid,100–250 ms,30,15,0,-0.00023301845748995,-0.0001689443209008379,12,0.4,-0.0003634616697293875,0.0001506839979522625,nominal_fixed_oof_group,gain,True,MOCK DATA / NOT A SCIENTIFIC RESULT,displacement-report-draft-v1
non_speaking,mouth,left_eyelid,250–500 ms,30,15,0,-0.00019036108458266875,-0.00015011934546677947,12,0.4,-0.0002722858984906938,5.062310860363205e-05,nominal_fixed_oof_group,gain,True,MOCK DATA / NOT A SCIENTIFIC RESULT,displacement-report-draft-v1
non_speaking,mouth,right_brow,0–100 ms,30,15,0,-3.229824177191185e-05,-6.88138708015897e-05,15,0.5,-0.0002505738400554834,3.621692204402195e-05,nominal_fixed_oof_group,gain,True,MOCK DATA / NOT A SCIENTIFIC RESULT,displacement-report-draft-v1
non_speaking,mouth,right_brow,100–250 ms,30,15,0,1.9592788372333207e-05,-4.660842921247687e-05,15,0.5,-0.0003761312004896125,0.00014380774476676567,nominal_fixed_oof_group,gain,True,MOCK DATA / NOT A SCIENTIFIC RESULT,displacement-report-draft-v1
non_speaking,mouth,right_brow,250–500 ms,30,15,0,-0.00025949042849381836,-0.0003010680800864996,8,0.26666666666666666,-0.0005080247415475875,-0.00018147726849490278,nominal_fixed_oof_group,gain,True,MOCK DATA / NOT A SCIENTIFIC RESULT,displacement-report-draft-v1
non_speaking,mouth,right_cheek,0–100 ms,24,12,6,-0.00013165498851383333,-0.00011291164839249619,10,0.4166666666666667,-0.00036754574086258335,8.399833876669184e-06,nominal_fixed_oof_group,gain,True,MOCK DATA / NOT A SCIENTIFIC RESULT,displacement-report-draft-v1
non_speaking,mouth,right_cheek,100–250 ms,24,12,6,0.0001092690421423715,0.00014324988734793883,13,0.5416666666666666,-0.0003183904405901375,0.00036318222992673746,nominal_fixed_oof_group,gain,True,MOCK DATA / NOT A SCIENTIFIC RESULT,displacement-report-draft-v1
non_speaking,mouth,right_cheek,250–500 ms,24,12,6,0.00025080062480394873,0.00027214228277226807,16,0.6666666666666666,-1.7790764026229887e-05,0.0004102707137484333,nominal_fixed_oof_group,gain,True,MOCK DATA / NOT A SCIENTIFIC RESULT,displacement-report-draft-v1
non_speaking,mouth,right_eyelid,0–100 ms,30,15,0,-0.00018776834817586666,-0.00014122681152180407,10,0.3333333333333333,-0.0003517175883054166,-4.8531286329104334e-05,nominal_fixed_oof_group,gain,True,MOCK DATA / NOT A SCIENTIFIC RESULT,displacement-report-draft-v1
non_speaking,mouth,right_eyelid,100–250 ms,30,15,0,-9.399873763670568e-05,-9.62099373242973e-06,14,0.4666666666666667,-0.00039123144612595,0.00015843188651325034,nominal_fixed_oof_group,gain,True,MOCK DATA / NOT A SCIENTIFIC RESULT,displacement-report-draft-v1
non_speaking,mouth,right_eyelid,250–500 ms,30,15,0,3.9608035614747063e-05,9.260144821678815e-05,16,0.5333333333333333,-0.0001470688631851125,0.00019814700098623477,nominal_fixed_oof_group,gain,True,MOCK DATA / NOT A SCIENTIFIC RESULT,displacement-report-draft-v1
non_speaking,right_brow,jaw,0–100 ms,30,15,0,-0.0001596051184664521,-0.00012426275638545848,12,0.4,-0.00023155569764533334,5.203957678034516e-05,nominal_fixed_oof_group,gain,True,MOCK DATA / NOT A SCIENTIFIC RESULT,displacement-report-draft-v1
non_speaking,right_brow,jaw,100–250 ms,30,15,0,-0.000155116489949194,-9.10423533600709e-05,12,0.4,-0.0002855597021886,0.00022858596549301253,nominal_fixed_oof_group,gain,True,MOCK DATA / NOT A SCIENTIFIC RESULT,displacement-report-draft-v1
non_speaking,right_brow,jaw,250–500 ms,30,15,0,-9.106014184798174e-05,-5.081840273206779e-05,12,0.4,-0.000172984955755975,0.00014992405133832854,nominal_fixed_oof_group,gain,True,MOCK DATA / NOT A SCIENTIFIC RESULT,displacement-report-draft-v1
non_speaking,right_brow,left_brow,0–100 ms,30,15,0,-4.6617007480079305e-05,-4.629112938198547e-05,14,0.4666666666666667,-0.0003060782603704334,7.631877803178933e-05,nominal_fixed_oof_group,gain,True,MOCK DATA / NOT A SCIENTIFIC RESULT,displacement-report-draft-v1
non_speaking,right_brow,left_brow,100–250 ms,30,15,0,0.0002634391340998484,0.00026402993665350496,19,0.6333333333333333,-0.00020695262181002203,0.00048631626649205,nominal_fixed_oof_group,gain,True,MOCK DATA / NOT A SCIENTIFIC RESULT,displacement-report-draft-v1
non_speaking,right_brow,left_brow,250–500 ms,30,15,0,0.0003476270972356068,0.0003479981505731681,23,0.7666666666666667,5.219771915462192e-05,0.0004876050024260031,nominal_fixed_oof_group,gain,True,MOCK DATA / NOT A SCIENTIFIC RESULT,displacement-report-draft-v1
non_speaking,right_brow,left_cheek,0–100 ms,30,15,0,-2.841401164155235e-05,-5.999502347021357e-05,14,0.4666666666666667,-0.00023853286146768333,8.09893115561624e-05,nominal_fixed_oof_group,gain,True,MOCK DATA / NOT A SCIENTIFIC RESULT,displacement-report-draft-v1
non_speaking,right_brow,left_cheek,100–250 ms,30,15,0,2.4863350410251673e-05,-3.2391624820176794e-05,15,0.5,-0.000356072814887825,0.000223206728190425,nominal_fixed_oof_group,gain,True,MOCK DATA / NOT A SCIENTIFIC RESULT,displacement-report-draft-v1
non_speaking,right_brow,left_cheek,250–500 ms,30,15,0,-0.00038821067871578496,-0.0004241696459209981,0,0.0,-0.0006274575043428187,-0.0002636411895444693,nominal_fixed_oof_group,gain,True,MOCK DATA / NOT A SCIENTIFIC RESULT,displacement-report-draft-v1
non_speaking,right_brow,left_eyelid,0–100 ms,30,15,0,-0.00020922080015263334,-0.0001872310102792586,8,0.26666666666666666,-0.0004157937852004333,-6.592877852538142e-05,nominal_fixed_oof_group,gain,True,MOCK DATA / NOT A SCIENTIFIC RESULT,displacement-report-draft-v1
non_speaking,right_brow,left_eyelid,100–250 ms,30,15,0,-0.0003111319784943375,-0.0002712654637242236,10,0.3333333333333333,-0.000685639648050875,-5.134989191972559e-05,nominal_fixed_oof_group,gain,True,MOCK DATA / NOT A SCIENTIFIC RESULT,displacement-report-draft-v1
non_speaking,right_brow,left_eyelid,250–500 ms,30,15,0,-0.00021412080538717502,-0.0001890826547035925,8,0.26666666666666666,-0.000449330216507975,-5.0964756606397457e-05,nominal_fixed_oof_group,gain,True,MOCK DATA / NOT A SCIENTIFIC RESULT,displacement-report-draft-v1
non_speaking,right_brow,mouth,0–100 ms,30,15,0,-5.128690780093178e-05,-8.78025368306493e-05,15,0.5,-0.00026956250608454996,1.722825601497115e-05,nominal_fixed_oof_group,gain,True,MOCK DATA / NOT A SCIENTIFIC RESULT,displacement-report-draft-v1
non_speaking,right_brow,mouth,100–250 ms,30,15,0,-0.00013831541893049294,-0.00020451663651534888,13,0.43333333333333335,-0.0005340394077924875,-1.4100462536052086e-05,nominal_fixed_oof_group,gain,True,MOCK DATA / NOT A SCIENTIFIC RESULT,displacement-report-draft-v1
non_speaking,right_brow,mouth,250–500 ms,30,15,0,-0.00022823764129800773,-0.0002698152928907069,9,0.3,-0.0004767719543518,-0.00015022448129908963,nominal_fixed_oof_group,gain,True,MOCK DATA / NOT A SCIENTIFIC RESULT,displacement-report-draft-v1
non_speaking,right_brow,right_cheek,0–100 ms,24,12,6,-6.685004053878637e-05,-9.083203469026471e-05,11,0.4583333333333333,-0.00020627716898469998,0.0001677697184049342,nominal_fixed_oof_group,gain,True,MOCK DATA / NOT A SCIENTIFIC RESULT,displacement-report-draft-v1
non_speaking,right_brow,right_cheek,100–250 ms,24,12,6,-0.00029446187819956525,-0.0003379401710601561,9,0.375,-0.0005472370846727876,0.00013089334980175636,nominal_fixed_oof_group,gain,True,MOCK DATA / NOT A SCIENTIFIC RESULT,displacement-report-draft-v1
non_speaking,right_brow,right_cheek,250–500 ms,24,12,6,-0.0004315493843975625,-0.0004588559110499636,0,0.0,-0.0005903047645768563,-0.00016440518194683272,nominal_fixed_oof_group,gain,True,MOCK DATA / NOT A SCIENTIFIC RESULT,displacement-report-draft-v1
non_speaking,right_brow,right_eyelid,0–100 ms,30,15,0,-0.00019676503838745002,-0.00015106536609810239,11,0.36666666666666664,-0.00026430184618773337,7.174533559068877e-05,nominal_fixed_oof_group,gain,True,MOCK DATA / NOT A SCIENTIFIC RESULT,displacement-report-draft-v1
non_speaking,right_brow,right_eyelid,100–250 ms,30,15,0,-0.000464565367979875,-0.0003817138868695783,11,0.36666666666666664,-0.0005870066082645875,2.2232043535658714e-05,nominal_fixed_oof_group,gain,True,MOCK DATA / NOT A SCIENTIFIC RESULT,displacement-report-draft-v1
non_speaking,right_brow,right_eyelid,250–500 ms,30,15,0,-0.0004845588651763063,-0.00043252402138923776,5,0.16666666666666666,-0.0005614580433917313,-0.00017882592081954916,nominal_fixed_oof_group,gain,True,MOCK DATA / NOT A SCIENTIFIC RESULT,displacement-report-draft-v1
non_speaking,right_cheek,jaw,0–100 ms,24,12,6,-7.145822665648113e-05,-0.00010224148705609672,10,0.4166666666666667,-0.00021475367435853332,0.0001269936560295572,nominal_fixed_oof_group,gain,True,MOCK DATA / NOT A SCIENTIFIC RESULT,displacement-report-draft-v1
non_speaking,right_cheek,jaw,100–250 ms,24,12,6,-0.0002373896701020625,-0.0002931983573365267,9,0.375,-0.0004971779679986,0.00012239480068263264,nominal_fixed_oof_group,gain,True,MOCK DATA / NOT A SCIENTIFIC RESULT,displacement-report-draft-v1
non_speaking,right_cheek,jaw,250–500 ms,24,12,6,-0.0003418812474333625,-0.0003769318739676162,4,0.16666666666666666,-0.0005050411972327125,-0.00011591873616118892,nominal_fixed_oof_group,gain,True,MOCK DATA / NOT A SCIENTIFIC RESULT,displacement-report-draft-v1
non_speaking,right_cheek,left_brow,0–100 ms,24,12,6,-0.00016832131620138336,-0.0001326793453013344,8,0.3333333333333333,-0.0003703482843415667,-2.8400395221218205e-05,nominal_fixed_oof_group,gain,True,MOCK DATA / NOT A SCIENTIFIC RESULT,displacement-report-draft-v1
non_speaking,right_cheek,left_brow,100–250 ms,24,12,6,-0.00022701101898761248,-0.0001623937048838553,9,0.375,-0.0005932769613044625,2.665941147242791e-05,nominal_fixed_oof_group,gain,True,MOCK DATA / NOT A SCIENTIFIC RESULT,displacement-report-draft-v1
non_speaking,right_cheek,left_brow,250–500 ms,24,12,6,-0.0004143698636145313,-0.00037378698205016935,4,0.16666666666666666,-0.0006444030608197251,-0.00025505223832282217,nominal_fixed_oof_group,gain,True,MOCK DATA / NOT A SCIENTIFIC RESULT,displacement-report-draft-v1
non_speaking,right_cheek,left_cheek,0–100 ms,24,12,6,-0.0001279583275680397,-9.710694315185692e-05,9,0.375,-0.00034689357449033326,1.1345029127226824e-05,nominal_fixed_oof_group,gain,True,MOCK DATA / NOT A SCIENTIFIC RESULT,displacement-report-draft-v1
non_speaking,right_cheek,left_cheek,100–250 ms,24,12,6,0.00011597092465440976,0.0001719031177126321,14,0.5833333333333334,-0.00028094897796338784,0.000368521738427476,nominal_fixed_oof_group,gain,True,MOCK DATA / NOT A SCIENTIFIC RESULT,displacement-report-draft-v1
non_speaking,right_cheek,left_cheek,250–500 ms,24,12,6,0.00025500973977593875,0.0002901379340996949,18,0.75,5.72433350532038e-06,0.00041362419019821836,nominal_fixed_oof_group,gain,True,MOCK DATA / NOT A SCIENTIFIC RESULT,displacement-report-draft-v1
non_speaking,right_cheek,left_eyelid,0–100 ms,24,12,6,0.0001230567646144721,8.656095707510156e-06,14,0.5833333333333334,-1.479352517054505e-05,0.00013220377665345046,nominal_fixed_oof_group,gain,True,MOCK DATA / NOT A SCIENTIFIC RESULT,displacement-report-draft-v1
non_speaking,right_cheek,left_eyelid,100–250 ms,24,12,6,0.0004695134205665,0.0002621100764257294,16,0.6666666666666666,0.00021959695272280602,0.00048609654812952505,nominal_fixed_oof_group,gain,True,MOCK DATA / NOT A SCIENTIFIC RESULT,displacement-report-draft-v1
non_speaking,right_cheek,left_eyelid,250–500 ms,24,12,6,0.00039352164984688103,0.00026326205196572534,17,0.7083333333333334,0.0002365616994658353,0.00040393667732349295,nominal_fixed_oof_group,gain,True,MOCK DATA / NOT A SCIENTIFIC RESULT,displacement-report-draft-v1
non_speaking,right_cheek,mouth,0–100 ms,24,12,6,-0.00018520005883158335,-0.00016645671871024276,7,0.2916666666666667,-0.00042109081118038333,-4.514523644108118e-05,nominal_fixed_oof_group,gain,True,MOCK DATA / NOT A SCIENTIFIC RESULT,displacement-report-draft-v1
non_speaking,right_cheek,mouth,100–250 ms,24,12,6,-0.000278753017954075,-0.00024477217274854196,7,0.2916666666666667,-0.0007064125006866125,-2.483983016968855e-05,nominal_fixed_oof_group,gain,True,MOCK DATA / NOT A SCIENTIFIC RESULT,displacement-report-draft-v1
non_speaking,right_cheek,mouth,250–500 ms,24,12,6,-0.00020415036070646876,-0.0001828087027381821,7,0.2916666666666667,-0.00047274174953668125,-4.468027176200988e-05,nominal_fixed_oof_group,gain,True,MOCK DATA / NOT A SCIENTIFIC RESULT,displacement-report-draft-v1
non_speaking,right_cheek,right_brow,0–100 ms,24,12,6,-2.987349065396884e-05,-5.385548480544644e-05,12,0.5,-0.00016930061909988333,0.00020474626828975,nominal_fixed_oof_group,gain,True,MOCK DATA / NOT A SCIENTIFIC RESULT,displacement-report-draft-v1
non_speaking,right_cheek,right_brow,100–250 ms,24,12,6,1.884743573089696e-05,-2.4630857129658844e-05,12,0.5,-0.00023392777074228752,0.0004442026637322625,nominal_fixed_oof_group,gain,True,MOCK DATA / NOT A SCIENTIFIC RESULT,displacement-report-draft-v1
non_speaking,right_cheek,right_brow,250–500 ms,24,12,6,-3.2176798274109004e-05,-5.9483324926490024e-05,12,0.5,-0.00019093217845333126,0.00023496740417659246,nominal_fixed_oof_group,gain,True,MOCK DATA / NOT A SCIENTIFIC RESULT,displacement-report-draft-v1
non_speaking,right_cheek,right_eyelid,0–100 ms,24,12,6,1.1562789805502594e-05,-1.6047500517976597e-05,12,0.5,-0.000126836780074241,0.00024430060426585,nominal_fixed_oof_group,gain,True,MOCK DATA / NOT A SCIENTIFIC RESULT,displacement-report-draft-v1
non_speaking,right_cheek,right_eyelid,100–250 ms,24,12,6,0.00037344813890181975,0.0003233919058352001,17,0.7083333333333334,0.0001225358505825522,0.0007953914849354374,nominal_fixed_oof_group,gain,True,MOCK DATA / NOT A SCIENTIFIC RESULT,displacement-report-draft-v1
non_speaking,right_cheek,right_eyelid,250–500 ms,24,12,6,0.000420446193612291,0.00038900839390988576,20,0.8333333333333334,0.0002628608185292054,0.0006854475647842784,nominal_fixed_oof_group,gain,True,MOCK DATA / NOT A SCIENTIFIC RESULT,displacement-report-draft-v1
non_speaking,right_eyelid,jaw,0–100 ms,30,15,0,-0.0002097778336969,-0.0001773492779874398,10,0.3333333333333333,-0.00031605537927815,5.440216892923267e-07,nominal_fixed_oof_group,gain,True,MOCK DATA / NOT A SCIENTIFIC RESULT,displacement-report-draft-v1
non_speaking,right_eyelid,jaw,100–250 ms,30,15,0,-0.00055358363469705,-0.0004947920999616133,7,0.23333333333333334,-0.0007462601161479625,-0.00017227942931286174,nominal_fixed_oof_group,gain,True,MOCK DATA / NOT A SCIENTIFIC RESULT,displacement-report-draft-v1
non_speaking,right_eyelid,jaw,250–500 ms,30,15,0,-0.0005942907131039625,-0.0005573667102380277,0,0.0,-0.000715301110014,-0.00035481274002929373,nominal_fixed_oof_group,gain,True,MOCK DATA / NOT A SCIENTIFIC RESULT,displacement-report-draft-v1
non_speaking,right_eyelid,left_brow,0–100 ms,30,15,0,-0.00016173534134183333,-0.00013974555146847037,10,0.3333333333333333,-0.0003683083263896667,-1.8443319714598477e-05,nominal_fixed_oof_group,gain,True,MOCK DATA / NOT A SCIENTIFIC RESULT,displacement-report-draft-v1
non_speaking,right_eyelid,left_brow,100–250 ms,30,15,0,-4.680204965397302e-05,-6.9355348838289026e-06,14,0.4666666666666667,-0.00042130971921044996,0.00021298003692062474,nominal_fixed_oof_group,gain,True,MOCK DATA / NOT A SCIENTIFIC RESULT,displacement-report-draft-v1
non_speaking,right_eyelid,left_brow,250–500 ms,30,15,0,6.924989902549233e-05,9.428804970913488e-05,16,0.5333333333333333,-0.000165959512095225,0.00023240594780631795,nominal_fixed_oof_group,gain,True,MOCK DATA / NOT A SCIENTIFIC RESULT,displacement-report-draft-v1
non_speaking,right_eyelid,left_cheek,0–100 ms,30,15,0,-6.622606769995802e-05,-0.00010274169672965633,13,0.43333333333333335,-0.00028450166598355004,2.289096115959166e-06,nominal_fixed_oof_group,gain,True,MOCK DATA / NOT A SCIENTIFIC RESULT,displacement-report-draft-v1
non_speaking,right_eyelid,left_cheek,100–250 ms,30,15,0,-3.147735293202231e-05,-9.767857051689354e-05,15,0.5,-0.00042720134179405,9.273760346237861e-05,nominal_fixed_oof_group,gain,True,MOCK DATA / NOT A SCIENTIFIC RESULT,displacement-report-draft-v1
non_speaking,right_eyelid,left_cheek,250–500 ms,30,15,0,-3.272131503480223e-05,-7.429896662747872e-05,15,0.5,-0.00028125562808855003,4.5291844964099364e-05,nominal_fixed_oof_group,gain,True,MOCK DATA / NOT A SCIENTIFIC RESULT,displacement-report-draft-v1
non_speaking,right_eyelid,left_eyelid,0–100 ms,30,15,0,1.1661152692777742e-05,-1.9919859135882587e-05,15,0.5,-0.00019845769713336663,0.00012106447589049282,nominal_fixed_oof_group,gain,True,MOCK DATA / NOT A SCIENTIFIC RESULT,displacement-report-draft-v1
non_speaking,right_eyelid,left_eyelid,100–250 ms,30,15,0,0.00036909485644576255,0.0003118398812153543,20,0.6666666666666666,-1.1841308852334011e-05,0.00056743823422595,nominal_fixed_oof_group,gain,True,MOCK DATA / NOT A SCIENTIFIC RESULT,displacement-report-draft-v1
non_speaking,right_eyelid,left_eyelid,250–500 ms,30,15,0,0.0004139841367695482,0.000378025169564333,23,0.7666666666666667,0.0001747373111424869,0.0005385536259408282,nominal_fixed_oof_group,gain,True,MOCK DATA / NOT A SCIENTIFIC RESULT,displacement-report-draft-v1
non_speaking,right_eyelid,mouth,0–100 ms,30,15,0,-0.00021259829020508334,-0.00016605675355100625,10,0.3333333333333333,-0.0003765475303346,-7.33612283583053e-05,nominal_fixed_oof_group,gain,True,MOCK DATA / NOT A SCIENTIFIC RESULT,displacement-report-draft-v1
non_speaking,right_eyelid,mouth,100–250 ms,30,15,0,-0.00030905458623485,-0.00022467684233058515,10,0.3333333333333333,-0.0006062872947241,-5.6623962084876396e-05,nominal_fixed_oof_group,gain,True,MOCK DATA / NOT A SCIENTIFIC RESULT,displacement-report-draft-v1
non_speaking,right_eyelid,mouth,250–500 ms,30,15,0,-0.000597927722251825,-0.0005449343096498188,0,0.0,-0.0007846046210517688,-0.00043938875688034006,nominal_fixed_oof_group,gain,True,MOCK DATA / NOT A SCIENTIFIC RESULT,displacement-report-draft-v1
non_speaking,right_eyelid,right_brow,0–100 ms,30,15,0,-0.00012764968921948332,-8.195001693013779e-05,14,0.4666666666666667,-0.00019518649701976668,0.00014086068475865527,nominal_fixed_oof_group,gain,True,MOCK DATA / NOT A SCIENTIFIC RESULT,displacement-report-draft-v1
non_speaking,right_eyelid,right_brow,100–250 ms,30,15,0,0.00012106208231858149,0.00020391356342892308,17,0.5666666666666667,-1.379157966119367e-06,0.000607859493834125,nominal_fixed_oof_group,gain,True,MOCK DATA / NOT A SCIENTIFIC RESULT,displacement-report-draft-v1
non_speaking,right_eyelid,right_brow,250–500 ms,30,15,0,0.00026193521888552036,0.00031397006267264713,20,0.6666666666666666,0.00018503604067011725,0.0005676681632423085,nominal_fixed_oof_group,gain,True,MOCK DATA / NOT A SCIENTIFIC RESULT,displacement-report-draft-v1
non_speaking,right_eyelid,right_cheek,0–100 ms,24,12,6,-5.755255936243694e-05,-8.516284968593664e-05,12,0.5,-0.00019595212924216666,0.00017518525509788003,nominal_fixed_oof_group,gain,True,MOCK DATA / NOT A SCIENTIFIC RESULT,displacement-report-draft-v1
non_speaking,right_eyelid,right_cheek,100–250 ms,24,12,6,-0.0002121793113965992,-0.0002622355444633041,9,0.375,-0.0004630915997159,0.00020976403463692178,nominal_fixed_oof_group,gain,True,MOCK DATA / NOT A SCIENTIFIC RESULT,displacement-report-draft-v1
non_speaking,right_eyelid,right_cheek,250–500 ms,24,12,6,-0.00032604789044957496,-0.0003574856901519961,3,0.125,-0.00048363326553265,-6.104651927761219e-05,nominal_fixed_oof_group,gain,True,MOCK DATA / NOT A SCIENTIFIC RESULT,displacement-report-draft-v1
speaking,jaw,left_brow,0–100 ms,30,15,0,-7.864576302726194e-05,-0.00011516139205696425,13,0.43333333333333335,-0.00029692136131085,-1.0130599211349497e-05,nominal_fixed_oof_group,gain,True,MOCK DATA / NOT A SCIENTIFIC RESULT,displacement-report-draft-v1
speaking,jaw,left_brow,100–250 ms,30,15,0,-8.809421308682278e-05,-0.00015429543067167097,15,0.5,-0.0004838182019487875,3.612074330761972e-05,nominal_fixed_oof_group,gain,True,MOCK DATA / NOT A SCIENTIFIC RESULT,displacement-report-draft-v1
speaking,jaw,left_brow,250–500 ms,30,15,0,-5.4759260071271134e-05,-9.633691166395806e-05,15,0.5,-0.0003032935731250375,2.3253899927636577e-05,nominal_fixed_oof_group,gain,True,MOCK DATA / NOT A SCIENTIFIC RESULT,displacement-report-draft-v1
speaking,jaw,left_cheek,0–100 ms,30,15,0,-4.741513417560062e-05,-9.204079031193558e-05,13,0.43333333333333335,-0.0003114212156901167,2.2091856102928714e-05,nominal_fixed_oof_group,gain,True,MOCK DATA / NOT A SCIENTIFIC RESULT,displacement-report-draft-v1
speaking,jaw,left_cheek,100–250 ms,30,15,0,-0.00010974857086397848,-0.00019065290827378667,13,0.43333333333333335,-0.0005883798997082375,1.626452296366576e-05,nominal_fixed_oof_group,gain,True,MOCK DATA / NOT A SCIENTIFIC RESULT,displacement-report-draft-v1
speaking,jaw,left_cheek,250–500 ms,30,15,0,-0.00019256995702445,-0.00024338189789021057,10,0.3333333333333333,-0.0004931741960103563,-0.00011342747743834798,nominal_fixed_oof_group,gain,True,MOCK DATA / NOT A SCIENTIFIC RESULT,displacement-report-draft-v1
speaking,jaw,left_eyelid,0–100 ms,30,15,0,-0.00021259876885859998,-0.00016605723220451836,10,0.3333333333333333,-0.0003765480089881333,-7.33617070118178e-05,nominal_fixed_oof_group,gain,True,MOCK DATA / NOT A SCIENTIFIC RESULT,displacement-report-draft-v1
speaking,jaw,left_eyelid,100–250 ms,30,15,0,-0.00030911772257445,-0.0002247399786701868,10,0.3333333333333333,-0.0006063504310637126,-5.668709842447943e-05,nominal_fixed_oof_group,gain,True,MOCK DATA / NOT A SCIENTIFIC RESULT,displacement-report-draft-v1
speaking,jaw,left_eyelid,250–500 ms,30,15,0,-0.0006026085968004813,-0.0005496151841984755,0,0.0,-0.0007892854956004,-0.0004440696314289938,nominal_fixed_oof_group,gain,True,MOCK DATA / NOT A SCIENTIFIC RESULT,displacement-report-draft-v1
speaking,jaw,mouth,0–100 ms,30,15,0,1.058400060449053e-05,6.340409901826942e-06,15,0.5,-6.23943320665829e-05,9.754317602356752e-05,nominal_fixed_oof_group,gain,True,MOCK DATA / NOT A SCIENTIFIC RESULT,displacement-report-draft-v1
speaking,jaw,mouth,100–250 ms,30,15,0,1.058400060449053e-05,6.340409901826942e-06,15,0.5,-6.23943320665829e-05,9.754317602356752e-05,nominal_fixed_oof_group,gain,True,MOCK DATA / NOT A SCIENTIFIC RESULT,displacement-report-draft-v1
speaking,jaw,mouth,250–500 ms,29,15,1,2.116800120898106e-05,6.559044726027871e-06,15,0.5172413793103449,-8.048593770006683e-05,9.804558291569287e-05,nominal_fixed_oof_group,gain,True,MOCK DATA / NOT A SCIENTIFIC RESULT,displacement-report-draft-v1
speaking,jaw,right_brow,0–100 ms,30,15,0,-0.00019849476183636663,-0.0001631523997553869,12,0.4,-0.00027044534101526666,1.3149933410420343e-05,nominal_fixed_oof_group,gain,True,MOCK DATA / NOT A SCIENTIFIC RESULT,displacement-report-draft-v1
speaking,jaw,right_brow,100–250 ms,30,15,0,-0.0004846358074947375,-0.000420561670905622,9,0.3,-0.0006150790197341626,-0.00010093335205246531,nominal_fixed_oof_group,gain,True,MOCK DATA / NOT A SCIENTIFIC RESULT,displacement-report-draft-v1
speaking,jaw,right_brow,250–500 ms,30,15,0,-0.000511095474902275,-0.00047085373578635337,3,0.1,-0.0005930202888102812,-0.0002701112817159062,nominal_fixed_oof_group,gain,True,MOCK DATA / NOT A SCIENTIFIC RESULT,displacement-report-draft-v1
speaking,jaw,right_cheek,0–100 ms,24,12,6,-3.165946191997145e-05,-6.244272231958646e-05,10,0.4166666666666667,-0.000174954909622,0.00016679242076603754,nominal_fixed_oof_group,gain,True,MOCK DATA / NOT A SCIENTIFIC RESULT,displacement-report-draft-v1
speaking,jaw,right_cheek,100–250 ms,24,12,6,9.983280505356884e-05,4.402411781918025e-05,13,0.5416666666666666,-0.00015995549284287503,0.0004596172758383375,nominal_fixed_oof_group,gain,True,MOCK DATA / NOT A SCIENTIFIC RESULT,displacement-report-draft-v1
speaking,jaw,right_cheek,250–500 ms,24,12,6,8.797323187444104e-05,5.292260534022974e-05,13,0.5416666666666666,-7.518671792488098e-05,0.0003139357431466459,nominal_fixed_oof_group,gain,True,MOCK DATA / NOT A SCIENTIFIC RESULT,displacement-report-draft-v1
speaking,jaw,right_eyelid,0–100 ms,30,15,0,-0.00020807853398173334,-0.0001756499782722642,10,0.3333333333333333,-0.000314356079563,2.243321404462803e-06,nominal_fixed_oof_group,gain,True,MOCK DATA / NOT A SCIENTIFIC RESULT,displacement-report-draft-v1
speaking,jaw,right_eyelid,100–250 ms,30,15,0,-0.0005391851462069,-0.0004803936114714515,8,0.26666666666666666,-0.0007318616276578,-0.00015788094082267812,nominal_fixed_oof_group,gain,True,MOCK DATA / NOT A SCIENTIFIC RESULT,displacement-report-draft-v1
speaking,jaw,right_eyelid,250–500 ms,30,15,0,-0.0005759370883347188,-0.0005390130854688023,0,0.0,-0.0006969474852447813,-0.000336459115260075,nominal_fixed_oof_group,gain,True,MOCK DATA / NOT A SCIENTIFIC RESULT,displacement-report-draft-v1
speaking,left_brow,jaw,0–100 ms,30,15,0,-3.916490926353233e-05,-7.568053829321476e-05,15,0.5,-0.0002574405075471167,2.9350254552401617e-05,nominal_fixed_oof_group,gain,True,MOCK DATA / NOT A SCIENTIFIC RESULT,displacement-report-draft-v1
speaking,left_brow,jaw,100–250 ms,30,15,0,-3.560342830240189e-05,-0.00010180464588725849,15,0.5,-0.00043132741716439993,8.861152809202312e-05,nominal_fixed_oof_group,gain,True,MOCK DATA / NOT A SCIENTIFIC RESULT,displacement-report-draft-v1
speaking,left_brow,jaw,250–500 ms,30,15,0,-9.731158356796521e-05,-0.00013888923516064877,12,0.4,-0.00034584589662171877,-1.9298423569058846e-05,nominal_fixed_oof_group,gain,True,MOCK DATA / NOT A SCIENTIFIC RESULT,displacement-report-draft-v1
speaking,left_brow,left_cheek,0–100 ms,30,15,0,-0.00020488921444656666,-0.00015918954215721396,11,0.36666666666666664,-0.00027242602224684996,6.362115953159551e-05,nominal_fixed_oof_group,gain,True,MOCK DATA / NOT A SCIENTIFIC RESULT,displacement-report-draft-v1
speaking,left_brow,left_cheek,100–250 ms,30,15,0,-0.0005334030511942625,-0.0004505515700839753,8,0.26666666666666666,-0.0006558442914789625,-4.660563967872594e-05,nominal_fixed_oof_group,gain,True,MOCK DATA / NOT A SCIENTIFIC RESULT,displacement-report-draft-v1
speaking,left_brow,left_cheek,250–500 ms,30,15,0,-0.0005723056455806249,-0.0005202708017935354,0,0.0,-0.0006492048237960375,-0.0002665727012238578,nominal_fixed_oof_group,gain,True,MOCK DATA / NOT A SCIENTIFIC RESULT,displacement-report-draft-v1
speaking,left_brow,left_eyelid,0–100 ms,30,15,0,-0.00019465057352343332,-0.00013567078209494125,11,0.36666666666666664,-0.00028797572040938335,1.2682585634470668e-05,nominal_fixed_oof_group,gain,True,MOCK DATA / NOT A SCIENTIFIC RESULT,displacement-report-draft-v1
speaking,left_brow,left_eyelid,100–250 ms,30,15,0,-0.0001956628588683625,-8.873511014212853e-05,13,0.43333333333333335,-0.00036485721534813744,0.0001802229726698075,nominal_fixed_oof_group,gain,True,MOCK DATA / NOT A SCIENTIFIC RESULT,displacement-report-draft-v1
speaking,left_brow,left_eyelid,250–500 ms,30,15,0,-9.761271669139665e-05,-3.0456781433363636e-05,13,0.43333333333333335,-0.000203875173211125,0.00013846224858084843,nominal_fixed_oof_group,gain,True,MOCK DATA / NOT A SCIENTIFIC RESULT,displacement-report-draft-v1
speaking,left_brow,mouth,0–100 ms,30,15,0,-2.50608011640196e-05,-6.500204121640529e-05,14,0.4666666666666667,-0.0001645391882445833,0.0001505695829502467,nominal_fixed_oof_group,gain,True,MOCK DATA / NOT A SCIENTIFIC RESULT,displacement-report-draft-v1
speaking,left_brow,mouth,100–250 ms,30,15,0,-0.00017020772088730367,-0.0002426194194826408,12,0.4,-0.0004230758569940625,0.00014820238410643687,nominal_fixed_oof_group,gain,True,MOCK DATA / NOT A SCIENTIFIC RESULT,displacement-report-draft-v1
speaking,left_brow,mouth,250–500 ms,30,15,0,-0.00031361902487828125,-0.0003590971669014747,4,0.13333333333333333,-0.00047243276948150006,-0.00011364166959692469,nominal_fixed_oof_group,gain,True,MOCK DATA / NOT A SCIENTIFIC RESULT,displacement-report-draft-v1
speaking,left_brow,right_brow,0–100 ms,30,15,0,0.0002549577452115333,0.0002552836233096465,20,0.6666666666666666,-4.503507678834187e-06,0.00037789353072341673,nominal_fixed_oof_group,gain,True,MOCK DATA / NOT A SCIENTIFIC RESULT,displacement-report-draft-v1
speaking,left_brow,right_brow,100–250 ms,30,15,0,0.00047015333815168754,0.0004707441407053479,20,0.6666666666666666,-2.3841775819428263e-07,0.0006930304705439125,nominal_fixed_oof_group,gain,True,MOCK DATA / NOT A SCIENTIFIC RESULT,displacement-report-draft-v1
speaking,left_brow,right_brow,250–500 ms,30,15,0,1.416030256608752e-05,1.4531355903654184e-05,16,0.5333333333333333,-0.000281269075514875,0.00015413820775649095,nominal_fixed_oof_group,gain,True,MOCK DATA / NOT A SCIENTIFIC RESULT,displacement-report-draft-v1
speaking,left_brow,right_cheek,0–100 ms,24,12,6,-0.00021066829182206668,-0.00017502632092200533,8,0.3333333333333333,-0.00041269525996225,-7.07473708418763e-05,nominal_fixed_oof_group,gain,True,MOCK DATA / NOT A SCIENTIFIC RESULT,displacement-report-draft-v1
speaking,left_brow,right_cheek,100–250 ms,24,12,6,-0.0005828386096705625,-0.0005182212955667933,5,0.20833333333333334,-0.00094910455198745,-0.00032916817921047504,nominal_fixed_oof_group,gain,True,MOCK DATA / NOT A SCIENTIFIC RESULT,displacement-report-draft-v1
speaking,left_brow,right_cheek,250–500 ms,24,12,6,-0.0006354031479461312,-0.0005948202663817532,0,0.0,-0.0008654363451513188,-0.0004760855226544125,nominal_fixed_oof_group,gain,True,MOCK DATA / NOT A SCIENTIFIC RESULT,displacement-report-draft-v1
speaking,left_brow,right_eyelid,0–100 ms,30,15,0,-0.00018654173016343333,-0.00016455194029008392,8,0.26666666666666666,-0.0003931147152112667,-4.324970853621044e-05,nominal_fixed_oof_group,gain,True,MOCK DATA / NOT A SCIENTIFIC RESULT,displacement-report-draft-v1
speaking,left_brow,right_eyelid,100–250 ms,30,15,0,-0.0002587511346533875,-0.00021888461988326798,11,0.36666666666666664,-0.0006332588042098999,1.0309519212288627e-06,nominal_fixed_oof_group,gain,True,MOCK DATA / NOT A SCIENTIFIC RESULT,displacement-report-draft-v1
speaking,left_brow,right_eyelid,250–500 ms,30,15,0,-0.00033795304656323747,-0.00031291489587965905,7,0.23333333333333334,-0.0005731624576840501,-0.0001747969977824419,nominal_fixed_oof_group,gain,True,MOCK DATA / NOT A SCIENTIFIC RESULT,displacement-report-draft-v1
speaking,left_cheek,jaw,0–100 ms,30,15,0,-3.1651777250072774e-05,-7.627743338641065e-05,13,0.43333333333333335,-0.0002956578587645834,3.785521302844597e-05,nominal_fixed_oof_group,gain,True,MOCK DATA / NOT A SCIENTIFIC RESULT,displacement-report-draft-v1
speaking,left_cheek,jaw,100–250 ms,30,15,0,2.2057487489964326e-05,-5.8846849919799875e-05,16,0.5333333333333333,-0.0004565738413542625,0.0001480705813176502,nominal_fixed_oof_group,gain,True,MOCK DATA / NOT A SCIENTIFIC RESULT,displacement-report-draft-v1
speaking,left_cheek,jaw,250–500 ms,30,15,0,-0.00016159128945906958,-0.00021240323032480443,11,0.36666666666666664,-0.00046219552844494377,-8.244880987294968e-05,nominal_fixed_oof_group,gain,True,MOCK DATA / NOT A SCIENTIFIC RESULT,displacement-report-draft-v1
speaking,left_cheek,left_brow,0–100 ms,30,15,0,-0.00020488921444656666,-0.00015918954215721632,11,0.36666666666666664,-0.00027242602224684996,6.362115953159463e-05,nominal_fixed_oof_group,gain,True,MOCK DATA / NOT A SCIENTIFIC RESULT,displacement-report-draft-v1
speaking,left_cheek,left_brow,100–250 ms,30,15,0,-0.0005334030511942625,-0.0004505515700839753,8,0.26666666666666666,-0.0006558442914789625,-4.6605639678726376e-05,nominal_fixed_oof_group,gain,True,MOCK DATA / NOT A SCIENTIFIC RESULT,displacement-report-draft-v1
speaking,left_cheek,left_brow,250–500 ms,30,15,0,-0.0005723056455806249,-0.000520270801793536,0,0.0,-0.0006492048237960375,-0.0002665727012238578,nominal_fixed_oof_group,gain,True,MOCK DATA / NOT A SCIENTIFIC RESULT,displacement-report-draft-v1
speaking,left_cheek,left_eyelid,0–100 ms,30,15,0,1.728059616667941e-05,-2.2660643885706512e-05,16,0.5333333333333333,-0.00012219779091386668,0.00019291098028093333,nominal_fixed_oof_group,gain,True,MOCK DATA / NOT A SCIENTIFIC RESULT,displacement-report-draft-v1
speaking,left_cheek,left_eyelid,100–250 ms,30,15,0,0.0001885589620471625,0.00011614726345189055,18,0.6,-6.430917405954794e-05,0.0005069690670409876,nominal_fixed_oof_group,gain,True,MOCK DATA / NOT A SCIENTIFIC RESULT,displacement-report-draft-v1
speaking,left_cheek,left_eyelid,250–500 ms,30,15,0,0.00014369766379913808,9.821952177597924e-05,18,0.6,-1.511608080403612e-05,0.00034367501908050567,nominal_fixed_oof_group,gain,True,MOCK DATA / NOT A SCIENTIFIC RESULT,displacement-report-draft-v1
speaking,left_cheek,mouth,0–100 ms,30,15,0,-0.00016015559318611667,-0.00012772703747664273,12,0.4,-0.0002664331387673667,5.0166262200074404e-05,nominal_fixed_oof_group,gain,True,MOCK DATA / NOT A SCIENTIFIC RESULT,displacement-report-draft-v1
speaking,left_cheek,mouth,100–250 ms,30,15,0,-0.00013312498783679395,-7.433345310134985e-05,13,0.43333333333333335,-0.0003258014692876875,0.00024817921754734717,nominal_fixed_oof_group,gain,True,MOCK DATA / NOT A SCIENTIFIC RESULT,displacement-report-draft-v1
speaking,left_cheek,mouth,250–500 ms,30,15,0,-5.833582862258641e-05,-2.1411825756654544e-05,13,0.43333333333333335,-0.00017934622553259375,0.0001811421444520259,nominal_fixed_oof_group,gain,True,MOCK DATA / NOT A SCIENTIFIC RESULT,displacement-report-draft-v1
speaking,left_cheek,right_brow,0–100 ms,30,15,0,-4.415381535949177e-05,-7.573482718815257e-05,14,0.4666666666666667,-0.0002542726651856167,6.524950783824185e-05,nominal_fixed_oof_group,gain,True,MOCK DATA / NOT A SCIENTIFIC RESULT,displacement-report-draft-v1
speaking,left_cheek,right_brow,100–250 ms,30,15,0,-0.00010383594434501821,-0.00016109091957545616,14,0.4666666666666667,-0.00048477210964310006,9.450743343515545e-05,nominal_fixed_oof_group,gain,True,MOCK DATA / NOT A SCIENTIFIC RESULT,displacement-report-draft-v1
speaking,left_cheek,right_brow,250–500 ms,30,15,0,-0.00018885653400335276,-0.0002248155012085961,10,0.3333333333333333,-0.0004281033596304063,-6.42870448320851e-05,nominal_fixed_oof_group,gain,True,MOCK DATA / NOT A SCIENTIFIC RESULT,displacement-report-draft-v1
speaking,left_cheek,right_cheek,0–100 ms,24,12,6,6.033581102404797e-05,9.118719544026078e-05,14,0.5833333333333334,-0.00015859943589820917,0.00019963916771931464,nominal_fixed_oof_group,gain,True,MOCK DATA / NOT A SCIENTIFIC RESULT,displacement-report-draft-v1
speaking,left_cheek,right_cheek,100–250 ms,24,12,6,0.00032268512870623747,0.00037861732176447177,17,0.7083333333333334,-7.423477391155646e-05,0.0005752359424793125,nominal_fixed_oof_group,gain,True,MOCK DATA / NOT A SCIENTIFIC RESULT,displacement-report-draft-v1
speaking,left_cheek,right_cheek,250–500 ms,24,12,6,-2.047700341492521e-05,1.4651190908818292e-05,12,0.5,-0.000269762409685525,0.00013813744700734052,nominal_fixed_oof_group,gain,True,MOCK DATA / NOT A SCIENTIFIC RESULT,displacement-report-draft-v1
speaking,left_cheek,right_eyelid,0–100 ms,30,15,0,1.6561360998580536e-06,-3.485949292981398e-05,15,0.5,-0.00021661946218371668,7.017129991577474e-05,nominal_fixed_oof_group,gain,True,MOCK DATA / NOT A SCIENTIFIC RESULT,displacement-report-draft-v1
speaking,left_cheek,right_eyelid,100–250 ms,30,15,0,0.0003102810243187929,0.00024407980673399348,18,0.6,-8.544296454314213e-05,0.00043449598071323753,nominal_fixed_oof_group,gain,True,MOCK DATA / NOT A SCIENTIFIC RESULT,displacement-report-draft-v1
speaking,left_cheek,right_eyelid,250–500 ms,30,15,0,0.00034358424110542726,0.00030200658951276316,21,0.7,9.504992805163588e-05,0.0004215974011043375,nominal_fixed_oof_group,gain,True,MOCK DATA / NOT A SCIENTIFIC RESULT,displacement-report-draft-v1
speaking,left_eyelid,jaw,0–100 ms,30,15,0,-0.00025493164940541666,-0.000208390112751332,8,0.26666666666666666,-0.00041888088953495,-0.00011569458755860925,nominal_fixed_oof_group,gain,True,MOCK DATA / NOT A SCIENTIFIC RESULT,displacement-report-draft-v1
speaking,left_eyelid,jaw,100–250 ms,30,15,0,-0.0006630861158556,-0.0005787083719513486,5,0.16666666666666666,-0.0009603188243448874,-0.000410655491705625,nominal_fixed_oof_group,gain,True,MOCK DATA / NOT A SCIENTIFIC RESULT,displacement-report-draft-v1
speaking,left_eyelid,jaw,250–500 ms,30,15,0,-0.0006858025661904937,-0.0006328091535884605,0,0.0,-0.0008724794649904,-0.0005272636008189812,nominal_fixed_oof_group,gain,True,MOCK DATA / NOT A SCIENTIFIC RESULT,displacement-report-draft-v1
speaking,left_eyelid,left_brow,0–100 ms,30,15,0,-0.00019465057352343332,-0.00013567078209494125,11,0.36666666666666664,-0.00028797572040938335,1.2682585634470377e-05,nominal_fixed_oof_group,gain,True,MOCK DATA / NOT A SCIENTIFIC RESULT,displacement-report-draft-v1
speaking,left_eyelid,left_brow,100–250 ms,30,15,0,-0.0001956628588683625,-8.873511014212855e-05,13,0.43333333333333335,-0.00036485721534813744,0.00018022297266980772,nominal_fixed_oof_group,gain,True,MOCK DATA / NOT A SCIENTIFIC RESULT,displacement-report-draft-v1
speaking,left_eyelid,left_brow,250–500 ms,30,15,0,-9.761271669139735e-05,-3.0456781433363656e-05,13,0.43333333333333335,-0.000203875173211125,0.0001384622485808488,nominal_fixed_oof_group,gain,True,MOCK DATA / NOT A SCIENTIFIC RESULT,displacement-report-draft-v1
speaking,left_eyelid,left_cheek,0–100 ms,30,15,0,1.7280596166680564e-05,-2.2660643885706478e-05,16,0.5333333333333333,-0.00012219779091386668,0.00019291098028093333,nominal_fixed_oof_group,gain,True,MOCK DATA / NOT A SCIENTIFIC RESULT,displacement-report-draft-v1
speaking,left_eyelid,left_cheek,100–250 ms,30,15,0,0.0001885589620471625,0.0001161472634518922,18,0.6,-6.430917405954805e-05,0.0005069690670409876,nominal_fixed_oof_group,gain,True,MOCK DATA / NOT A SCIENTIFIC RESULT,displacement-report-draft-v1
speaking,left_eyelid,left_cheek,250–500 ms,30,15,0,0.0001436976637991384,9.821952177597926e-05,18,0.6,-1.511608080403639e-05,0.00034367501908050556,nominal_fixed_oof_group,gain,True,MOCK DATA / NOT A SCIENTIFIC RESULT,displacement-report-draft-v1
speaking,left_eyelid,mouth,0–100 ms,30,15,0,-0.00020407630530128333,-0.00016873394322031353,11,0.36666666666666664,-0.0002760268844801834,7.568389945491449e-06,nominal_fixed_oof_group,gain,True,MOCK DATA / NOT A SCIENTIFIC RESULT,displacement-report-draft-v1
speaking,left_eyelid,mouth,100–250 ms,30,15,0,-0.0005319292829303125,-0.0004678551463411922,9,0.3,-0.0006623724951697249,-0.000148226827488042,nominal_fixed_oof_group,gain,True,MOCK DATA / NOT A SCIENTIFIC RESULT,displacement-report-draft-v1
speaking,left_eyelid,mouth,250–500 ms,30,15,0,-0.0005713800459369562,-0.0005311383068210364,0,0.0,-0.0006533048598449688,-0.0003303958527505937,nominal_fixed_oof_group,gain,True,MOCK DATA / NOT A SCIENTIFIC RESULT,displacement-report-draft-v1
speaking,left_eyelid,right_brow,0–100 ms,30,15,0,-0.00015259728907893335,-0.00013060749920556076,10,0.3333333333333333,-0.00035917027412676666,-9.30526745168258e-06,nominal_fixed_oof_group,gain,True,MOCK DATA / NOT A SCIENTIFIC RESULT,displacement-report-draft-v1
speaking,left_eyelid,right_brow,100–250 ms,30,15,0,3.062639875652223e-05,7.049291352666625e-05,16,0.5333333333333333,-0.00034388127079995,0.00029040848533115,nominal_fixed_oof_group,gain,True,MOCK DATA / NOT A SCIENTIFIC RESULT,displacement-report-draft-v1
speaking,left_eyelid,right_brow,250–500 ms,30,15,0,0.00016794725115108853,0.00019298540183472956,20,0.6666666666666666,-6.726215996965743e-05,0.000331103299931913,nominal_fixed_oof_group,gain,True,MOCK DATA / NOT A SCIENTIFIC RESULT,displacement-report-draft-v1
speaking,left_eyelid,right_cheek,0–100 ms,24,12,6,9.825037579288312e-05,-1.6150293114103528e-05,14,0.5833333333333334,-3.959991399214111e-05,0.00010739738783185503,nominal_fixed_oof_group,gain,True,MOCK DATA / NOT A SCIENTIFIC RESULT,displacement-report-draft-v1
speaking,left_eyelid,right_cheek,100–250 ms,24,12,6,0.0002575643355670625,5.0160991426281364e-05,14,0.5833333333333334,7.647867723362486e-06,0.0002741474631300625,nominal_fixed_oof_group,gain,True,MOCK DATA / NOT A SCIENTIFIC RESULT,displacement-report-draft-v1
speaking,left_eyelid,right_cheek,250–500 ms,24,12,6,-1.3681295741905635e-05,-0.00014394089362306507,12,0.5,-0.0001706412461229315,-3.266268265295834e-06,nominal_fixed_oof_group,gain,True,MOCK DATA / NOT A SCIENTIFIC RESULT,displacement-report-draft-v1
speaking,left_eyelid,right_eyelid,0–100 ms,30,15,0,0.00010753322618327156,7.59522143546262e-05,17,0.5666666666666667,-0.00010258562364286284,0.00021693654938101595,nominal_fixed_oof_group,gain,True,MOCK DATA / NOT A SCIENTIFIC RESULT,displacement-report-draft-v1
speaking,left_eyelid,right_eyelid,100–250 ms,30,15,0,0.0005206359397492125,0.0004633809645188244,21,0.7,0.00013969977445112624,0.00071897931752945,nominal_fixed_oof_group,gain,True,MOCK DATA / NOT A SCIENTIFIC RESULT,displacement-report-draft-v1
speaking,left_eyelid,right_eyelid,250–500 ms,30,15,0,0.00020813606878644403,0.00017217710158125545,20,0.6666666666666666,-3.111075684056045e-05,0.00033270555795776786,nominal_fixed_oof_group,gain,True,MOCK DATA / NOT A SCIENTIFIC RESULT,displacement-report-draft-v1
speaking,mouth,jaw,0–100 ms,30,15,0,0.00034095204594205,0.00028787503979899016,23,0.7666666666666667,0.00013372690450667415,0.00044126152862036664,nominal_fixed_oof_group,gain,True,MOCK DATA / NOT A SCIENTIFIC RESULT,displacement-report-draft-v1
speaking,mouth,jaw,100–250 ms,30,15,0,0.0006260571953490876,0.0005298309348190372,23,0.7666666666666667,0.0002503671951560367,0.0008079138431753751,nominal_fixed_oof_group,gain,True,MOCK DATA / NOT A SCIENTIFIC RESULT,displacement-report-draft-v1
speaking,mouth,jaw,250–500 ms,30,15,0,0.00011207566565139028,5.1640796318997335e-05,17,0.5666666666666667,-0.0001238763078128675,0.0002262906698308025,nominal_fixed_oof_group,gain,True,MOCK DATA / NOT A SCIENTIFIC RESULT,displacement-report-draft-v1
speaking,mouth,left_brow,0–100 ms,30,15,0,-2.5060801164019455e-05,-6.500204121640536e-05,14,0.4666666666666667,-0.0001645391882445833,0.0001505695829502464,nominal_fixed_oof_group,gain,True,MOCK DATA / NOT A SCIENTIFIC RESULT,displacement-report-draft-v1
speaking,mouth,left_brow,100–250 ms,30,15,0,-0.00017020772088730378,-0.00024261941948264091,12,0.4,-0.0004230758569940625,0.0001482023841064372,nominal_fixed_oof_group,gain,True,MOCK DATA / NOT A SCIENTIFIC RESULT,displacement-report-draft-v1
speaking,mouth,left_brow,250–500 ms,30,15,0,-0.00031361902487828125,-0.0003590971669014765,4,0.13333333333333333,-0.00047243276948150006,-0.00011364166959693045,nominal_fixed_oof_group,gain,True,MOCK DATA / NOT A SCIENTIFIC RESULT,displacement-report-draft-v1
speaking,mouth,left_cheek,0–100 ms,30,15,0,-0.00016015559318611667,-0.00012772703747664273,12,0.4,-0.0002664331387673667,5.016626220007527e-05,nominal_fixed_oof_group,gain,True,MOCK DATA / NOT A SCIENTIFIC RESULT,displacement-report-draft-v1
speaking,mouth,left_cheek,100–250 ms,30,15,0,-0.00013312498783679417,-7.433345310134988e-05,13,0.43333333333333335,-0.0003258014692876875,0.0002481792175473476,nominal_fixed_oof_group,gain,True,MOCK DATA / NOT A SCIENTIFIC RESULT,displacement-report-draft-v1
speaking,mouth,left_cheek,250–500 ms,30,15,0,-5.833582862258614e-05,-2.1411825756654907e-05,13,0.43333333333333335,-0.00017934622553259375,0.0001811421444520263,nominal_fixed_oof_group,gain,True,MOCK DATA / NOT A SCIENTIFIC RESULT,displacement-report-draft-v1
speaking,mouth,left_eyelid,0–100 ms,30,15,0,-0.00020407630530128333,-0.00016873394322031678,11,0.36666666666666664,-0.0002760268844801834,7.568389945492316e-06,nominal_fixed_oof_group,gain,True,MOCK DATA / NOT A SCIENTIFIC RESULT,displacement-report-draft-v1
speaking,mouth,left_eyelid,100–250 ms,30,15,0,-0.0005319292829303125,-0.00046785514634119213,9,0.3,-0.0006623724951697249,-0.00014822682748804147,nominal_fixed_oof_group,gain,True,MOCK DATA / NOT A SCIENTIFIC RESULT,displacement-report-draft-v1
speaking,mouth,left_eyelid,250–500 ms,30,15,0,-0.0005713800459369625,-0.0005311383068210364,0,0.0,-0.0006533048598449688,-0.0003303958527505875,nominal_fixed_oof_group,gain,True,MOCK DATA / NOT A SCIENTIFIC RESULT,displacement-report-draft-v1
speaking,mouth,right_brow,0–100 ms,30,15,0,-3.231233684576039e-05,-6.882796587544084e-05,15,0.5,-0.0002505879351293333,3.620282697017413e-05,nominal_fixed_oof_group,gain,True,MOCK DATA / NOT A SCIENTIFIC RESULT,displacement-report-draft-v1
speaking,mouth,right_brow,100–250 ms,30,15,0,1.7733590970570902e-05,-4.8467626614255026e-05,15,0.5,-0.0003779903978913875,0.00014194854736500562,nominal_fixed_oof_group,gain,True,MOCK DATA / NOT A SCIENTIFIC RESULT,displacement-report-draft-v1
speaking,mouth,right_brow,250–500 ms,30,15,0,-0.0003973297434354022,-0.0004389073950280982,0,0.0,-0.0006458640564891938,-0.0003193165834364998,nominal_fixed_oof_group,gain,True,MOCK DATA / NOT A SCIENTIFIC RESULT,displacement-report-draft-v1
speaking,mouth,right_cheek,0–100 ms,24,12,6,-0.00013776215855605,-0.00011901881843470584,9,0.375,-0.00037365291090483337,2.2926638344550896e-06,nominal_fixed_oof_group,gain,True,MOCK DATA / NOT A SCIENTIFIC RESULT,displacement-report-draft-v1
speaking,mouth,right_cheek,100–250 ms,24,12,6,5.752183311548363e-05,9.150267832104692e-05,13,0.5416666666666666,-0.0003701376496170125,0.00031143502089985004,nominal_fixed_oof_group,gain,True,MOCK DATA / NOT A SCIENTIFIC RESULT,displacement-report-draft-v1
speaking,mouth,right_cheek,250–500 ms,24,12,6,0.0001848389193107902,0.00020618057727913447,16,0.6666666666666666,-8.375246951935405e-05,0.00034430900825528936,nominal_fixed_oof_group,gain,True,MOCK DATA / NOT A SCIENTIFIC RESULT,displacement-report-draft-v1
speaking,mouth,right_eyelid,0–100 ms,30,15,0,-0.00022833809392301666,-0.00018179655726893997,9,0.3,-0.00039228733405256665,-8.910103207624414e-05,nominal_fixed_oof_group,gain,True,MOCK DATA / NOT A SCIENTIFIC RESULT,displacement-report-draft-v1
speaking,mouth,right_eyelid,100–250 ms,30,15,0,-0.00043775388099013754,-0.0003533761370858544,8,0.26666666666666666,-0.0007349865894793875,-0.0001853232568400875,nominal_fixed_oof_group,gain,True,MOCK DATA / NOT A SCIENTIFIC RESULT,displacement-report-draft-v1
speaking,mouth,right_eyelid,250–500 ms,30,15,0,-0.00039857357753940003,-0.00034558016493740543,6,0.2,-0.000585250476339325,-0.00024003461216791876,nominal_fixed_oof_group,gain,True,MOCK DATA / NOT A SCIENTIFIC RESULT,displacement-report-draft-v1
speaking,right_brow,jaw,0–100 ms,30,15,0,-0.00019849476183636663,-0.000163152399755388,12,0.4,-0.00027044534101526666,1.3149933410419763e-05,nominal_fixed_oof_group,gain,True,MOCK DATA / NOT A SCIENTIFIC RESULT,displacement-report-draft-v1
speaking,right_brow,jaw,100–250 ms,30,15,0,-0.0004846358074947375,-0.000420561670905622,9,0.3,-0.0006150790197341626,-0.00010093335205246585,nominal_fixed_oof_group,gain,True,MOCK DATA / NOT A SCIENTIFIC RESULT,displacement-report-draft-v1
speaking,right_brow,jaw,250–500 ms,30,15,0,-0.000511095474902275,-0.00047085373578635386,3,0.1,-0.0005930202888102812,-0.0002701112817159125,nominal_fixed_oof_group,gain,True,MOCK DATA / NOT A SCIENTIFIC RESULT,displacement-report-draft-v1
speaking,right_brow,left_brow,0–100 ms,30,15,0,-5.2724177522293535e-05,-5.2398299424198735e-05,14,0.4666666666666667,-0.0003121854304126667,7.021160798958073e-05,nominal_fixed_oof_group,gain,True,MOCK DATA / NOT A SCIENTIFIC RESULT,displacement-report-draft-v1
speaking,right_brow,left_brow,100–250 ms,30,15,0,0.00021169192507295201,0.00021228272762661304,17,0.5666666666666667,-0.0002586998308369,0.0004345690574651625,nominal_fixed_oof_group,gain,True,MOCK DATA / NOT A SCIENTIFIC RESULT,displacement-report-draft-v1
speaking,right_brow,left_brow,250–500 ms,30,15,0,0.00028166539174246286,0.0002820364450800342,20,0.6666666666666666,-1.376398633851007e-05,0.00042164329693287453,nominal_fixed_oof_group,gain,True,MOCK DATA / NOT A SCIENTIFIC RESULT,displacement-report-draft-v1
speaking,right_brow,left_cheek,0–100 ms,30,15,0,-2.8390458433963345e-05,-5.997147026262531e-05,14,0.4666666666666667,-0.00023850930826011668,8.101286476374908e-05,nominal_fixed_oof_group,gain,True,MOCK DATA / NOT A SCIENTIFIC RESULT,displacement-report-draft-v1
speaking,right_brow,left_cheek,100–250 ms,30,15,0,2.7970114008960792e-05,-2.928486122147588e-05,15,0.5,-0.000352966051289125,0.00022631349178910002,nominal_fixed_oof_group,gain,True,MOCK DATA / NOT A SCIENTIFIC RESULT,displacement-report-draft-v1
speaking,right_brow,left_cheek,250–500 ms,30,15,0,-0.00015787786643796665,-0.00019383683364318982,12,0.4,-0.000397124692065,-3.330837726669537e-05,nominal_fixed_oof_group,gain,True,MOCK DATA / NOT A SCIENTIFIC RESULT,displacement-report-draft-v1
speaking,right_brow,left_eyelid,0–100 ms,30,15,0,4.180401955535077e-05,6.37938094287728e-05,16,0.5333333333333333,-0.0001647689654924,0.00018509604118264168,nominal_fixed_oof_group,gain,True,MOCK DATA / NOT A SCIENTIFIC RESULT,displacement-report-draft-v1
speaking,right_brow,left_eyelid,100–250 ms,30,15,0,0.0002890878118352125,0.0003289543266053989,20,0.6666666666666666,-8.541985772125547e-05,0.000548869898409875,nominal_fixed_oof_group,gain,True,MOCK DATA / NOT A SCIENTIFIC RESULT,displacement-report-draft-v1
speaking,right_brow,left_eyelid,250–500 ms,30,15,0,-4.1577786546625274e-05,-1.6539635863013263e-05,13,0.43333333333333335,-0.0002767871976674,0.00012157826223417359,nominal_fixed_oof_group,gain,True,MOCK DATA / NOT A SCIENTIFIC RESULT,displacement-report-draft-v1
speaking,right_brow,mouth,0–100 ms,30,15,0,-7.464521739254411e-05,-0.00011116084642226438,13,0.43333333333333335,-0.00029292081567615,-6.130053576646761e-06,nominal_fixed_oof_group,gain,True,MOCK DATA / NOT A SCIENTIFIC RESULT,displacement-report-draft-v1
speaking,right_brow,mouth,100–250 ms,30,15,0,-0.00033623480231054854,-0.0004024360198954158,10,0.3333333333333333,-0.0007319587911725626,-0.00021201984591609062,nominal_fixed_oof_group,gain,True,MOCK DATA / NOT A SCIENTIFIC RESULT,displacement-report-draft-v1
speaking,right_brow,mouth,250–500 ms,30,15,0,-0.00048052371282538754,-0.0005221013644180817,0,0.0,-0.0007290580258792062,-0.00040251055282647505,nominal_fixed_oof_group,gain,True,MOCK DATA / NOT A SCIENTIFIC RESULT,displacement-report-draft-v1
speaking,right_brow,right_cheek,0–100 ms,24,12,6,-6.515074082360801e-05,-8.91327349750918e-05,11,0.4583333333333333,-0.0002045778692695333,0.000169469018120137,nominal_fixed_oof_group,gain,True,MOCK DATA / NOT A SCIENTIFIC RESULT,displacement-report-draft-v1
speaking,right_brow,right_cheek,100–250 ms,24,12,6,-0.0002800633897094231,-0.0003235416825699998,9,0.375,-0.0005328385961826375,0.000145291838291928,nominal_fixed_oof_group,gain,True,MOCK DATA / NOT A SCIENTIFIC RESULT,displacement-report-draft-v1
speaking,right_brow,right_cheek,250–500 ms,24,12,6,-0.0004131957596283437,-0.0004405022862807373,0,0.0,-0.0005719511398076438,-0.00014605155717761423,nominal_fixed_oof_group,gain,True,MOCK DATA / NOT A SCIENTIFIC RESULT,displacement-report-draft-v1
speaking,right_brow,right_eyelid,0–100 ms,30,15,0,-0.00015696627365091668,-0.00011126660136158737,11,0.36666666666666664,-0.00022450308145119998,0.00011154410032718665,nominal_fixed_oof_group,gain,True,MOCK DATA / NOT A SCIENTIFIC RESULT,displacement-report-draft-v1
speaking,right_brow,right_eyelid,100–250 ms,30,15,0,-0.0001273428928241455,-4.449141171386028e-05,14,0.4666666666666667,-0.0002497841331088563,0.00035945451869135,nominal_fixed_oof_group,gain,True,MOCK DATA / NOT A SCIENTIFIC RESULT,displacement-report-draft-v1
speaking,right_brow,right_eyelid,250–500 ms,30,15,0,-5.4704385868488085e-05,-2.6695420813887687e-06,14,0.4666666666666667,-0.00013160356408388566,0.0002510285584882416,nominal_fixed_oof_group,gain,True,MOCK DATA / NOT A SCIENTIFIC RESULT,displacement-report-draft-v1
speaking,right_cheek,jaw,0–100 ms,24,12,6,-3.16594619199703e-05,-6.244272231958642e-05,10,0.4166666666666667,-0.000174954909622,0.00016679242076603754,nominal_fixed_oof_group,gain,True,MOCK DATA / NOT A SCIENTIFIC RESULT,displacement-report-draft-v1
speaking,right_cheek,jaw,100–250 ms,24,12,6,9.983280505356906e-05,4.402411781918025e-05,13,0.5416666666666666,-0.00015995549284287503,0.0004596172758383375,nominal_fixed_oof_group,gain,True,MOCK DATA / NOT A SCIENTIFIC RESULT,displacement-report-draft-v1
speaking,right_cheek,jaw,250–500 ms,24,12,6,8.79732318744411e-05,5.292260534022913e-05,13,0.5416666666666666,-7.518671792488218e-05,0.0003139357431466461,nominal_fixed_oof_group,gain,True,MOCK DATA / NOT A SCIENTIFIC RESULT,displacement-report-draft-v1
speaking,right_cheek,left_brow,0–100 ms,24,12,6,-0.00016833541127523336,-0.00013269344037518353,8,0.3333333333333333,-0.0003703623794154333,-2.8414490295064574e-05,nominal_fixed_oof_group,gain,True,MOCK DATA / NOT A SCIENTIFIC RESULT,displacement-report-draft-v1
speaking,right_cheek,left_brow,100–250 ms,24,12,6,-0.000228870216389375,-0.00016425290228563383,9,0.375,-0.0005951361587062626,2.4800214070648747e-05,nominal_fixed_oof_group,gain,True,MOCK DATA / NOT A SCIENTIFIC RESULT,displacement-report-draft-v1
speaking,right_cheek,left_brow,250–500 ms,24,12,6,-0.000552209178556125,-0.0005116262969917735,0,0.0,-0.0007822423757613437,-0.00039289155326442476,nominal_fixed_oof_group,gain,True,MOCK DATA / NOT A SCIENTIFIC RESULT,displacement-report-draft-v1
speaking,right_cheek,left_cheek,0–100 ms,24,12,6,-0.00013406549761026552,-0.00010321411319407087,9,0.375,-0.00035300074453256664,5.237859085014824e-06,nominal_fixed_oof_group,gain,True,MOCK DATA / NOT A SCIENTIFIC RESULT,displacement-report-draft-v1
speaking,right_cheek,left_cheek,100–250 ms,24,12,6,6.422371562751101e-05,0.00012015590868573656,12,0.5,-0.0003326961869902625,0.0003167745294005652,nominal_fixed_oof_group,gain,True,MOCK DATA / NOT A SCIENTIFIC RESULT,displacement-report-draft-v1
speaking,right_cheek,left_cheek,250–500 ms,24,12,6,0.0001890480342828012,0.00022417622860656052,15,0.625,-6.0237371987802296e-05,0.00034766248470509783,nominal_fixed_oof_group,gain,True,MOCK DATA / NOT A SCIENTIFIC RESULT,displacement-report-draft-v1
speaking,right_cheek,left_eyelid,0–100 ms,24,12,6,8.248701886735878e-05,-3.1913650039631536e-05,14,0.5833333333333334,-5.53632709176531e-05,9.1634030906331e-05,nominal_fixed_oof_group,gain,True,MOCK DATA / NOT A SCIENTIFIC RESULT,displacement-report-draft-v1
speaking,right_cheek,left_eyelid,100–250 ms,24,12,6,0.00012575827721310106,-8.164506692769792e-05,13,0.5416666666666666,-0.00012415819063060004,0.00014234140477610108,nominal_fixed_oof_group,gain,True,MOCK DATA / NOT A SCIENTIFIC RESULT,displacement-report-draft-v1
speaking,right_cheek,left_eyelid,250–500 ms,24,12,6,-4.465996330731398e-05,-0.00017491956118847093,12,0.5,-0.00020161991368833576,-3.424493583069452e-05,nominal_fixed_oof_group,gain,True,MOCK DATA / NOT A SCIENTIFIC RESULT,displacement-report-draft-v1
speaking,right_cheek,mouth,0–100 ms,24,12,6,-3.578291502335624e-05,-1.7039574901984797e-05,10,0.4166666666666667,-0.0002716736673720833,0.00010427190736717574,nominal_fixed_oof_group,gain,True,MOCK DATA / NOT A SCIENTIFIC RESULT,displacement-report-draft-v1
speaking,right_cheek,mouth,100–250 ms,24,12,6,0.000260810125445825,0.0002947909706514092,16,0.6666666666666666,-0.00016684935728665,0.0005147233132302375,nominal_fixed_oof_group,gain,True,MOCK DATA / NOT A SCIENTIFIC RESULT,displacement-report-draft-v1
speaking,right_cheek,mouth,250–500 ms,24,12,6,4.495255682087267e-05,6.629421478919213e-05,13,0.5416666666666666,-0.00022363883200928126,0.00020442264576536208,nominal_fixed_oof_group,gain,True,MOCK DATA / NOT A SCIENTIFIC RESULT,displacement-report-draft-v1
speaking,right_cheek,right_brow,0–100 ms,24,12,6,-6.515074082360859e-05,-8.913273497509332e-05,11,0.4583333333333333,-0.0002045778692695333,0.00016946901812011988,nominal_fixed_oof_group,gain,True,MOCK DATA / NOT A SCIENTIFIC RESULT,displacement-report-draft-v1
speaking,right_cheek,right_brow,100–250 ms,24,12,6,-0.0002800633897094232,-0.000323541682570002,9,0.375,-0.0005328385961826375,0.00014529183829192758,nominal_fixed_oof_group,gain,True,MOCK DATA / NOT A SCIENTIFIC RESULT,displacement-report-draft-v1
speaking,right_cheek,right_brow,250–500 ms,24,12,6,-0.0004131957596283437,-0.000440502286280738,0,0.0,-0.0005719511398076438,-0.00014605155717761455,nominal_fixed_oof_group,gain,True,MOCK DATA / NOT A SCIENTIFIC RESULT,displacement-report-draft-v1
speaking,right_cheek,right_eyelid,0–100 ms,24,12,6,-1.775379462593939e-05,-4.536408494943176e-05,12,0.5,-0.00015615336450566994,0.00021498401983437526,nominal_fixed_oof_group,gain,True,MOCK DATA / NOT A SCIENTIFIC RESULT,displacement-report-draft-v1
speaking,right_cheek,right_eyelid,100–250 ms,24,12,6,0.00012504316375905745,7.498693069241196e-05,14,0.5833333333333334,-0.00012586912456021248,0.0005469865097926625,nominal_fixed_oof_group,gain,True,MOCK DATA / NOT A SCIENTIFIC RESULT,displacement-report-draft-v1
speaking,right_cheek,right_eyelid,250–500 ms,24,12,6,0.0001038065888582432,7.236878915585157e-05,15,0.625,-5.3778786224802994e-05,0.0003688079600302151,nominal_fixed_oof_group,gain,True,MOCK DATA / NOT A SCIENTIFIC RESULT,displacement-report-draft-v1
speaking,right_eyelid,jaw,0–100 ms,30,15,0,-0.00020807853398173334,-0.00017564997827226628,10,0.3333333333333333,-0.000314356079563,2.2433214044629453e-06,nominal_fixed_oof_group,gain,True,MOCK DATA / NOT A SCIENTIFIC RESULT,displacement-report-draft-v1
speaking,right_eyelid,jaw,100–250 ms,30,15,0,-0.0005391851462069,-0.00048039361147145146,8,0.26666666666666666,-0.0007318616276578,-0.00015788094082267812,nominal_fixed_oof_group,gain,True,MOCK DATA / NOT A SCIENTIFIC RESULT,displacement-report-draft-v1
speaking,right_eyelid,jaw,250–500 ms,30,15,0,-0.0005759370883347188,-0.0005390130854688036,0,0.0,-0.0006969474852447876,-0.000336459115260075,nominal_fixed_oof_group,gain,True,MOCK DATA / NOT A SCIENTIFIC RESULT,displacement-report-draft-v1
speaking,right_eyelid,left_brow,0–100 ms,30,15,0,-0.00020230508708898333,-0.00018031529721561712,8,0.26666666666666666,-0.00040887807213683334,-5.901306546173714e-05,nominal_fixed_oof_group,gain,True,MOCK DATA / NOT A SCIENTIFIC RESULT,displacement-report-draft-v1
speaking,right_eyelid,left_brow,100–250 ms,30,15,0,-0.00039055719300738756,-0.0003506906782372553,8,0.26666666666666666,-0.000765064862563925,-0.00013077510643274057,nominal_fixed_oof_group,gain,True,MOCK DATA / NOT A SCIENTIFIC RESULT,displacement-report-draft-v1
speaking,right_eyelid,left_brow,250–500 ms,30,15,0,-0.0003689317141286438,-0.0003438935634450607,5,0.16666666666666666,-0.0006041411252494625,-0.000205775665347825,nominal_fixed_oof_group,gain,True,MOCK DATA / NOT A SCIENTIFIC RESULT,displacement-report-draft-v1
speaking,right_eyelid,left_cheek,0–100 ms,30,15,0,0.0003093380588337,0.00027282242980402845,21,0.7,9.106246055009393e-05,0.0003778532226496333,nominal_fixed_oof_group,gain,True,MOCK DATA / NOT A SCIENTIFIC RESULT,displacement-report-draft-v1
speaking,right_eyelid,left_cheek,100–250 ms,30,15,0,0.0005687424373975376,0.0005025412198127276,21,0.7,0.00017301844853551834,0.0006929573937919875,nominal_fixed_oof_group,gain,True,MOCK DATA / NOT A SCIENTIFIC RESULT,displacement-report-draft-v1
speaking,right_eyelid,left_cheek,250–500 ms,30,15,0,7.607915192904098e-05,3.450150033638571e-05,16,0.5333333333333333,-0.00017245516112468615,0.0001540923119279546,nominal_fixed_oof_group,gain,True,MOCK DATA / NOT A SCIENTIFIC RESULT,displacement-report-draft-v1
speaking,right_eyelid,left_eyelid,0–100 ms,30,15,0,5.55398265056365e-06,-2.602702917809464e-05,15,0.5,-0.0002045648671756,0.00011495730584829759,nominal_fixed_oof_group,gain,True,MOCK DATA / NOT A SCIENTIFIC RESULT,displacement-report-draft-v1
speaking,right_eyelid,left_eyelid,100–250 ms,30,15,0,0.00031734764741887496,0.00026009267218847493,20,0.6666666666666666,-6.358851787918837e-05,0.000515691025199075,nominal_fixed_oof_group,gain,True,MOCK DATA / NOT A SCIENTIFIC RESULT,displacement-report-draft-v1
speaking,right_eyelid,left_eyelid,250–500 ms,30,15,0,0.00034802243127639813,0.0003120634640712013,23,0.7666666666666667,0.00010877560564934251,0.0004725919204477014,nominal_fixed_oof_group,gain,True,MOCK DATA / NOT A SCIENTIFIC RESULT,displacement-report-draft-v1
speaking,right_eyelid,mouth,0–100 ms,30,15,0,-0.00021257473699750002,-0.00016603320034341243,10,0.3333333333333333,-0.0003765239771270167,-7.333767515071746e-05,nominal_fixed_oof_group,gain,True,MOCK DATA / NOT A SCIENTIFIC RESULT,displacement-report-draft-v1
speaking,right_eyelid,mouth,100–250 ms,30,15,0,-0.000305947822636125,-0.00022157007873187606,10,0.3333333333333333,-0.0006031805311254126,-5.351719848616858e-05,nominal_fixed_oof_group,gain,True,MOCK DATA / NOT A SCIENTIFIC RESULT,displacement-report-draft-v1
speaking,right_eyelid,mouth,250–500 ms,30,15,0,-0.00036759490997400625,-0.0003146014973720034,6,0.2,-0.000554271808773925,-0.00020905594460253623,nominal_fixed_oof_group,gain,True,MOCK DATA / NOT A SCIENTIFIC RESULT,displacement-report-draft-v1
speaking,right_eyelid,right_brow,0–100 ms,30,15,0,-0.00015696627365091668,-0.00011126660136158854,11,0.36666666666666664,-0.00022450308145119998,0.00011154410032718681,nominal_fixed_oof_group,gain,True,MOCK DATA / NOT A SCIENTIFIC RESULT,displacement-report-draft-v1
speaking,right_eyelid,right_brow,100–250 ms,30,15,0,-0.0001273428928241455,-4.449141171386115e-05,14,0.4666666666666667,-0.00024978413310886873,0.00035945451869135,nominal_fixed_oof_group,gain,True,MOCK DATA / NOT A SCIENTIFIC RESULT,displacement-report-draft-v1
speaking,right_eyelid,right_brow,250–500 ms,30,15,0,-5.470438586848852e-05,-2.669542081388747e-06,14,0.4666666666666667,-0.00013160356408388593,0.0002510285584882416,nominal_fixed_oof_group,gain,True,MOCK DATA / NOT A SCIENTIFIC RESULT,displacement-report-draft-v1
speaking,right_eyelid,right_cheek,0–100 ms,24,12,6,-1.7753794625939685e-05,-4.536408494943173e-05,12,0.5,-0.00015615336450566994,0.0002149840198343757,nominal_fixed_oof_group,gain,True,MOCK DATA / NOT A SCIENTIFIC RESULT,displacement-report-draft-v1
speaking,right_eyelid,right_cheek,100–250 ms,24,12,6,0.00012504316375905713,7.498693069241299e-05,14,0.5833333333333334,-0.00012586912456021248,0.0005469865097926625,nominal_fixed_oof_group,gain,True,MOCK DATA / NOT A SCIENTIFIC RESULT,displacement-report-draft-v1
speaking,right_eyelid,right_cheek,250–500 ms,24,12,6,0.00010380658885824298,7.236878915585055e-05,15,0.625,-5.3778786224802994e-05,0.00036880796003021545,nominal_fixed_oof_group,gain,True,MOCK DATA / NOT A SCIENTIFIC RESULT,displacement-report-draft-v1
