condition,outer_fold,group_id,subject_id,delta,response,n_pairs,n_edges,is_synthetic,synthetic_notice,protocol_id
non_speaking,0,MOCK_G01,MOCK_S01,-3,3.313499890388754e-05,8,16,True,MOCK DATA / NOT A SCIENTIFIC RESULT,displacement-report-draft-v1
non_speaking,0,MOCK_G01,MOCK_S01,-2,3.5457704466775085e-05,8,16,True,MOCK DATA / NOT A SCIENTIFIC RESULT,displacement-report-draft-v1
non_speaking,0,MOCK_G01,MOCK_S01,-1,2.4955231819762558e-05,8,16,True,MOCK DATA / NOT A SCIENTIFIC RESULT,displacement-report-draft-v1
non_speaking,0,MOCK_G01,MOCK_S01,0,0.0,8,16,True,MOCK DATA / NOT A SCIENTIFIC RESULT,displacement-report-draft-v1
non_speaking,0,MOCK_G01,MOCK_S01,1,-3.56468390771563e-05,8,16,True,MOCK DATA / NOT A SCIENTIFIC RESULT,displacement-report-draft-v1
non_speaking,0,MOCK_G01,MOCK_S01,2,-7.376324580943131e-05,8,16,True,MOCK DATA / NOT A SCIENTIFIC RESULT,displacement-report-draft-v1
non_speaking,0,MOCK_G01,MOCK_S01,3,-0.0001051384365800563,8,16,True,MOCK DATA / NOT A SCIENTIFIC RESULT,displacement-report-draft-v1
non_speaking,0,MOCK_G01,MOCK_S02,-3,4.6701086124762445e-05,8,16,True,MOCK DATA / NOT A SCIENTIFIC RESULT,displacement-report-draft-v1
non_speaking,0,MOCK_G01,MOCK_S02,-2,4.391240752319998e-05,8,16,True,MOCK DATA / NOT A SCIENTIFIC RESULT,displacement-report-draft-v1
non_speaking,0,MOCK_G01,MOCK_S02,-1,2.8689383293187482e-05,8,16,True,MOCK DATA / NOT A SCIENTIFIC RESULT,displacement-report-draft-v1
non_speaking,0,MOCK_G01,MOCK_S02,0,0.0,8,16,True,MOCK DATA / NOT A SCIENTIFIC RESULT,displacement-report-draft-v1
non_speaking,0,MOCK_G01,MOCK_S02,1,-3.786085023485623e-05,8,16,True,MOCK DATA / NOT A SCIENTIFIC RESULT,displacement-report-draft-v1
non_speaking,0,MOCK_G01,MOCK_S02,2,-7.632337131188759e-05,8,16,True,MOCK DATA / NOT A SCIENTIFIC RESULT,displacement-report-draft-v1
non_speaking,0,MOCK_G01,MOCK_S02,3,-0.00010610443343448138,8,16,True,MOCK DATA / NOT A SCIENTIFIC RESULT,displacement-report-draft-v1
non_speaking,0,MOCK_G02,MOCK_S03,-3,4.966258043931235e-05,8,16,True,MOCK DATA / NOT A SCIENTIFIC RESULT,displacement-report-draft-v1
non_speaking,0,MOCK_G02,MOCK_S03,-2,4.5192354520355994e-05,8,16,True,MOCK DATA / NOT A SCIENTIFIC RESULT,displacement-report-draft-v1
non_speaking,0,MOCK_G02,MOCK_S03,-1,2.894481580830615e-05,8,16,True,MOCK DATA / NOT A SCIENTIFIC RESULT,displacement-report-draft-v1
non_speaking,0,MOCK_G02,MOCK_S03,0,0.0,8,16,True,MOCK DATA / NOT A SCIENTIFIC RESULT,displacement-report-draft-v1
non_speaking,0,MOCK_G02,MOCK_S03,1,-3.7334235892812586e-05,8,16,True,MOCK DATA / NOT A SCIENTIFIC RESULT,displacement-report-draft-v1
non_speaking,0,MOCK_G02,MOCK_S03,2,-7.457081150505021e-05,8,16,True,MOCK DATA / NOT A SCIENTIFIC RESULT,displacement-report-draft-v1
non_speaking,0,MOCK_G02,MOCK_S03,3,-0.00010258372280431277,8,16,True,MOCK DATA / NOT A SCIENTIFIC RESULT,displacement-report-draft-v1
non_speaking,0,MOCK_G02,MOCK_S04,-3,4.166038711512501e-05,8,16,True,MOCK DATA / NOT A SCIENTIFIC RESULT,displacement-report-draft-v1
non_speaking,0,MOCK_G02,MOCK_S04,-2,3.9142346030012626e-05,8,16,True,MOCK DATA / NOT A SCIENTIFIC RESULT,displacement-report-draft-v1
non_speaking,0,MOCK_G02,MOCK_S04,-1,2.5690557004262517e-05,8,16,True,MOCK DATA / NOT A SCIENTIFIC RESULT,displacement-report-draft-v1
non_speaking,0,MOCK_G02,MOCK_S04,0,0.0,8,16,True,MOCK DATA / NOT A SCIENTIFIC RESULT,displacement-report-draft-v1
non_speaking,0,MOCK_G02,MOCK_S04,1,-3.413085044886877e-05,8,16,True,MOCK DATA / NOT A SCIENTIFIC RESULT,displacement-report-draft-v1
non_speaking,0,MOCK_G02,MOCK_S04,2,-6.871807228226243e-05,8,16,True,MOCK DATA / NOT A SCIENTIFIC RESULT,displacement-report-draft-v1
non_speaking,0,MOCK_G02,MOCK_S04,3,-9.500320695831233e-05,8,16,True,MOCK DATA / NOT A SCIENTIFIC RESULT,displacement-report-draft-v1
non_speaking,0,MOCK_G03,MOCK_S05,-3,2.3664808697206432e-05,8,16,True,MOCK DATA / NOT A SCIENTIFIC RESULT,displacement-report-draft-v1
non_speaking,0,MOCK_G03,MOCK_S05,-2,2.64959732561563e-05,8,16,True,MOCK DATA / NOT A SCIENTIFIC RESULT,displacement-report-draft-v1
non_speaking,0,MOCK_G03,MOCK_S05,-1,1.9321200646999924e-05,8,16,True,MOCK DATA / NOT A SCIENTIFIC RESULT,displacement-report-draft-v1
non_speaking,0,MOCK_G03,MOCK_S05,0,0.0,8,16,True,MOCK DATA / NOT A SCIENTIFIC RESULT,displacement-report-draft-v1
non_speaking,0,MOCK_G03,MOCK_S05,1,-2.8639119041418658e-05,8,16,True,MOCK DATA / NOT A SCIENTIFIC RESULT,displacement-report-draft-v1
non_speaking,0,MOCK_G03,MOCK_S05,2,-5.94748250464873e-05,8,16,True,MOCK DATA / NOT A SCIENTIFIC RESULT,displacement-report-draft-v1
non_speaking,0,MOCK_G03,MOCK_S05,3,-8.42820581183499e-05,8,16,True,MOCK DATA / NOT A SCIENTIFIC RESULT,displacement-report-draft-v1
non_speaking,0,MOCK_G03,MOCK_S06,-3,-2.1421086139938915e-06,8,16,True,MOCK DATA / NOT A SCIENTIFIC RESULT,displacement-report-draft-v1
non_speaking,0,MOCK_G03,MOCK_S06,-2,8.786666745999822e-06,8,16,True,MOCK DATA / NOT A SCIENTIFIC RESULT,displacement-report-draft-v1
non_speaking,0,MOCK_G03,MOCK_S06,-1,1.0609060330218651e-05,8,16,True,MOCK DATA / NOT A SCIENTIFIC RESULT,displacement-report-draft-v1
non_speaking,0,MOCK_G03,MOCK_S06,0,0.0,8,16,True,MOCK DATA / NOT A SCIENTIFIC RESULT,displacement-report-draft-v1
non_speaking,0,MOCK_G03,MOCK_S06,1,-2.1524939224437515e-05,8,16,True,MOCK DATA / NOT A SCIENTIFIC RESULT,displacement-report-draft-v1
non_speaking,0,MOCK_G03,MOCK_S06,2,-4.796185580651871e-05,8,16,True,MOCK DATA / NOT A SCIENTIFIC RESULT,displacement-report-draft-v1
non_speaking,0,MOCK_G03,MOCK_S06,3,-7.172026462314376e-05,8,16,True,MOCK DATA / NOT A SCIENTIFIC RESULT,displacement-report-draft-v1
non_speaking,1,MOCK_G04,MOCK_S07,-3,-3.6515620590792776e-05,7,14,True,MOCK DATA / NOT A SCIENTIFIC RESULT,displacement-report-draft-v1
non_speaking,1,MOCK_G04,MOCK_S07,-2,-1.3655025005142802e-05,7,14,True,MOCK DATA / NOT A SCIENTIFIC RESULT,displacement-report-draft-v1
non_speaking,1,MOCK_G04,MOCK_S07,-1,2.372555660356258e-07,7,14,True,MOCK DATA / NOT A SCIENTIFIC RESULT,displacement-report-draft-v1
non_speaking,1,MOCK_G04,MOCK_S07,0,0.0,7,14,True,MOCK DATA / NOT A SCIENTIFIC RESULT,displacement-report-draft-v1
non_speaking,1,MOCK_G04,MOCK_S07,1,-1.4413626843578482e-05,7,14,True,MOCK DATA / NOT A SCIENTIFIC RESULT,displacement-report-draft-v1
non_speaking,1,MOCK_G04,MOCK_S07,2,-3.7903164395628464e-05,7,14,True,MOCK DATA / NOT A SCIENTIFIC RESULT,displacement-report-draft-v1
non_speaking,1,MOCK_G04,MOCK_S07,3,-6.30008187332571e-05,7,14,True,MOCK DATA / NOT A SCIENTIFIC RESULT,displacement-report-draft-v1
non_speaking,1,MOCK_G04,MOCK_S08,-3,-5.815056793306416e-05,7,14,True,MOCK DATA / NOT A SCIENTIFIC RESULT,displacement-report-draft-v1
non_speaking,1,MOCK_G04,MOCK_S08,-2,-2.887579904547123e-05,7,14,True,MOCK DATA / NOT A SCIENTIFIC RESULT,displacement-report-draft-v1
non_speaking,1,MOCK_G04,MOCK_S08,-1,-7.4521941318069755e-06,7,14,True,MOCK DATA / NOT A SCIENTIFIC RESULT,displacement-report-draft-v1
non_speaking,1,MOCK_G04,MOCK_S08,0,0.0,7,14,True,MOCK DATA / NOT A SCIENTIFIC RESULT,displacement-report-draft-v1
non_speaking,1,MOCK_G04,MOCK_S08,1,-7.711455330471333e-06,7,14,True,MOCK DATA / NOT A SCIENTIFIC RESULT,displacement-report-draft-v1
non_speaking,1,MOCK_G04,MOCK_S08,2,-2.6538814975656895e-05,7,14,True,MOCK DATA / NOT A SCIENTIFIC RESULT,displacement-report-draft-v1
non_speaking,1,MOCK_G04,MOCK_S08,3,-4.9703603441607035e-05,7,14,True,MOCK DATA / NOT A SCIENTIFIC RESULT,displacement-report-draft-v1
non_speaking,1,MOCK_G05,MOCK_S09,-3,-7.80786893528855e-05,7,14,True,MOCK DATA / NOT A SCIENTIFIC RESULT,displacement-report-draft-v1
non_speaking,1,MOCK_G05,MOCK_S09,-2,-4.259605120024286e-05,7,14,True,MOCK DATA / NOT A SCIENTIFIC RESULT,displacement-report-draft-v1
non_speaking,1,MOCK_G05,MOCK_S09,-1,-1.423803120257159e-05,7,14,True,MOCK DATA / NOT A SCIENTIFIC RESULT,displacement-report-draft-v1
non_speaking,1,MOCK_G05,MOCK_S09,0,0.0,7,14,True,MOCK DATA / NOT A SCIENTIFIC RESULT,displacement-report-draft-v1
non_speaking,1,MOCK_G05,MOCK_S09,1,-2.0750354193856845e-06,7,14,True,MOCK DATA / NOT A SCIENTIFIC RESULT,displacement-report-draft-v1
non_speaking,1,MOCK_G05,MOCK_S09,2,-1.730070928111429e-05,7,14,True,MOCK DATA / NOT A SCIENTIFIC RESULT,displacement-report-draft-v1
non_speaking,1,MOCK_G05,MOCK_S09,3,-3.944067901246415e-05,7,14,True,MOCK DATA / NOT A SCIENTIFIC RESULT,displacement-report-draft-v1
non_speaking,1,MOCK_G05,MOCK_S10,-3,-9.388360897078584e-05,7,14,True,MOCK DATA / NOT A SCIENTIFIC RESULT,displacement-report-draft-v1
non_speaking,1,MOCK_G05,MOCK_S10,-2,-5.315213813502866e-05,7,14,True,MOCK DATA / NOT A SCIENTIFIC RESULT,displacement-report-draft-v1
non_speaking,1,MOCK_G05,MOCK_S10,-1,-1.9297441860921514e-05,7,14,True,MOCK DATA / NOT A SCIENTIFIC RESULT,displacement-report-draft-v1
non_speaking,1,MOCK_G05,MOCK_S10,0,0.0,7,14,True,MOCK DATA / NOT A SCIENTIFIC RESULT,displacement-report-draft-v1
non_speaking,1,MOCK_G05,MOCK_S10,1,1.8121911927429686e-06,7,14,True,MOCK DATA / NOT A SCIENTIFIC RESULT,displacement-report-draft-v1
non_speaking,1,MOCK_G05,MOCK_S10,2,-1.130900988540006e-05,7,14,True,MOCK DATA / NOT A SCIENTIFIC RESULT,displacement-report-draft-v1
non_speaking,1,MOCK_G05,MOCK_S10,3,-3.3456471978643085e-05,7,14,True,MOCK DATA / NOT A SCIENTIFIC RESULT,displacement-report-draft-v1
non_speaking,1,MOCK_G06,MOCK_S11,-3,-0.00010364890798660705,7,14,True,MOCK DATA / NOT A SCIENTIFIC RESULT,displacement-report-draft-v1
non_speaking,1,MOCK_G06,MOCK_S11,-2,-5.9264086022292554e-05,7,14,True,MOCK DATA / NOT A SCIENTIFIC RESULT,displacement-report-draft-v1
non_speaking,1,MOCK_G06,MOCK_S11,-1,-2.20169494212569e-05,7,14,True,MOCK DATA / NOT A SCIENTIFIC RESULT,displacement-report-draft-v1
non_speaking,1,MOCK_G06,MOCK_S11,0,0.0,7,14,True,MOCK DATA / NOT A SCIENTIFIC RESULT,displacement-report-draft-v1
non_speaking,1,MOCK_G06,MOCK_S11,1,3.478880497800068e-06,7,14,True,MOCK DATA / NOT A SCIENTIFIC RESULT,displacement-report-draft-v1
non_speaking,1,MOCK_G06,MOCK_S11,2,-9.29023774812132e-06,7,14,True,MOCK DATA / NOT A SCIENTIFIC RESULT,displacement-report-draft-v1
non_speaking,1,MOCK_G06,MOCK_S11,3,-3.2476594816578525e-05,7,14,True,MOCK DATA / NOT A SCIENTIFIC RESULT,displacement-report-draft-v1
non_speaking,1,MOCK_G06,MOCK_S12,-3,-0.00010619049922517849,7,14,True,MOCK DATA / NOT A SCIENTIFIC RESULT,displacement-report-draft-v1
non_speaking,1,MOCK_G06,MOCK_S12,-2,-6.0190793222728466e-05,7,14,True,MOCK DATA / NOT A SCIENTIFIC RESULT,displacement-report-draft-v1
non_speaking,1,MOCK_G06,MOCK_S12,-1,-2.2066801151999923e-05,7,14,True,MOCK DATA / NOT A SCIENTIFIC RESULT,displacement-report-draft-v1
non_speaking,1,MOCK_G06,MOCK_S12,0,0.0,7,14,True,MOCK DATA / NOT A SCIENTIFIC RESULT,displacement-report-draft-v1
non_speaking,1,MOCK_G06,MOCK_S12,1,2.722938793621541e-06,7,14,True,MOCK DATA / NOT A SCIENTIFIC RESULT,displacement-report-draft-v1
non_speaking,1,MOCK_G06,MOCK_S12,2,-1.1489178225385535e-05,7,14,True,MOCK DATA / NOT A SCIENTIFIC RESULT,displacement-report-draft-v1
non_speaking,1,MOCK_G06,MOCK_S12,3,-3.6619862114428596e-05,7,14,True,MOCK DATA / NOT A SCIENTIFIC RESULT,displacement-report-draft-v1
non_speaking,2,MOCK_G07,MOCK_S13,-3,-0.00012285111370182497,8,16,True,MOCK DATA / NOT A SCIENTIFIC RESULT,displacement-report-draft-v1
non_speaking,2,MOCK_G07,MOCK_S13,-2,-6.942843438197485e-05,8,16,True,MOCK DATA / NOT A SCIENTIFIC RESULT,displacement-report-draft-v1
non_speaking,2,MOCK_G07,MOCK_S13,-1,-2.5571672054918717e-05,8,16,True,MOCK DATA / NOT A SCIENTIFIC RESULT,displacement-report-draft-v1
non_speaking,2,MOCK_G07,MOCK_S13,0,0.0,8,16,True,MOCK DATA / NOT A SCIENTIFIC RESULT,displacement-report-draft-v1
non_speaking,2,MOCK_G07,MOCK_S13,1,3.5063769824249485e-06,8,16,True,MOCK DATA / NOT A SCIENTIFIC RESULT,displacement-report-draft-v1
non_speaking,2,MOCK_G07,MOCK_S13,2,-1.298032835891867e-05,8,16,True,MOCK DATA / NOT A SCIENTIFIC RESULT,displacement-report-draft-v1
non_speaking,2,MOCK_G07,MOCK_S13,3,-4.3426183293593574e-05,8,16,True,MOCK DATA / NOT A SCIENTIFIC RESULT,displacement-report-draft-v1
non_speaking,2,MOCK_G07,MOCK_S14,-3,-0.00010463790111476249,8,16,True,MOCK DATA / NOT A SCIENTIFIC RESULT,displacement-report-draft-v1
non_speaking,2,MOCK_G07,MOCK_S14,-2,-5.6639575874043693e-05,8,16,True,MOCK DATA / NOT A SCIENTIFIC RESULT,displacement-report-draft-v1
non_speaking,2,MOCK_G07,MOCK_S14,-1,-1.9135632002874933e-05,8,16,True,MOCK DATA / NOT A SCIENTIFIC RESULT,displacement-report-draft-v1
non_speaking,2,MOCK_G07,MOCK_S14,0,0.0,8,16,True,MOCK DATA / NOT A SCIENTIFIC RESULT,displacement-report-draft-v1
non_speaking,2,MOCK_G07,MOCK_S14,1,-2.0331032171500766e-06,8,16,True,MOCK DATA / NOT A SCIENTIFIC RESULT,displacement-report-draft-v1
non_speaking,2,MOCK_G07,MOCK_S14,2,-2.2292638335406326e-05,8,16,True,MOCK DATA / NOT A SCIENTIFIC RESULT,displacement-report-draft-v1
non_speaking,2,MOCK_G07,MOCK_S14,3,-5.420801928772504e-05,8,16,True,MOCK DATA / NOT A SCIENTIFIC RESULT,displacement-report-draft-v1
non_speaking,2,MOCK_G08,MOCK_S15,-3,-7.86787369605e-05,8,16,True,MOCK DATA / NOT A SCIENTIFIC RESULT,displacement-report-draft-v1
non_speaking,2,MOCK_G08,MOCK_S15,-2,-3.883308548297503e-05,8,16,True,MOCK DATA / NOT A SCIENTIFIC RESULT,displacement-report-draft-v1
non_speaking,2,MOCK_G08,MOCK_S15,-1,-1.0379309038237414e-05,8,16,True,MOCK DATA / NOT A SCIENTIFIC RESULT,displacement-report-draft-v1
non_speaking,2,MOCK_G08,MOCK_S15,0,0.0,8,16,True,MOCK DATA / NOT A SCIENTIFIC RESULT,displacement-report-draft-v1
non_speaking,2,MOCK_G08,MOCK_S15,1,-9.176236129918957e-06,8,16,True,MOCK DATA / NOT A SCIENTIFIC RESULT,displacement-report-draft-v1
non_speaking,2,MOCK_G08,MOCK_S15,2,-3.3843736529037664e-05,8,16,True,MOCK DATA / NOT A SCIENTIFIC RESULT,displacement-report-draft-v1
non_speaking,2,MOCK_G08,MOCK_S15,3,-6.679582540260003e-05,8,16,True,MOCK DATA / NOT A SCIENTIFIC RESULT,displacement-report-draft-v1
non_speaking,2,MOCK_G08,MOCK_S16,-3,-4.812128863793759e-05,8,16,True,MOCK DATA / NOT A SCIENTIFIC RESULT,displacement-report-draft-v1
non_speaking,2,MOCK_G08,MOCK_S16,-2,-1.8168081621049918e-05,8,16,True,MOCK DATA / NOT A SCIENTIFIC RESULT,displacement-report-draft-v1
non_speaking,2,MOCK_G08,MOCK_S16,-1,-3.644473745999699e-07,8,16,True,MOCK DATA / NOT A SCIENTIFIC RESULT,displacement-report-draft-v1
non_speaking,2,MOCK_G08,MOCK_S16,0,0.0,8,16,True,MOCK DATA / NOT A SCIENTIFIC RESULT,displacement-report-draft-v1
non_speaking,2,MOCK_G08,MOCK_S16,1,-1.7056884215356255e-05,8,16,True,MOCK DATA / NOT A SCIENTIFIC RESULT,displacement-report-draft-v1
non_speaking,2,MOCK_G08,MOCK_S16,2,-4.6232999445650156e-05,8,16,True,MOCK DATA / NOT A SCIENTIFIC RESULT,displacement-report-draft-v1
non_speaking,2,MOCK_G08,MOCK_S16,3,-7.966327256636255e-05,8,16,True,MOCK DATA / NOT A SCIENTIFIC RESULT,displacement-report-draft-v1
non_speaking,2,MOCK_G09,MOCK_S17,-3,-1.6670786535218887e-05,8,16,True,MOCK DATA / NOT A SCIENTIFIC RESULT,displacement-report-draft-v1
non_speaking,2,MOCK_G09,MOCK_S17,-2,2.849709465481073e-06,8,16,True,MOCK DATA / NOT A SCIENTIFIC RESULT,displacement-report-draft-v1
non_speaking,2,MOCK_G09,MOCK_S17,-1,9.694605200312478e-06,8,16,True,MOCK DATA / NOT A SCIENTIFIC RESULT,displacement-report-draft-v1
non_speaking,2,MOCK_G09,MOCK_S17,0,0.0,8,16,True,MOCK DATA / NOT A SCIENTIFIC RESULT,displacement-report-draft-v1
non_speaking,2,MOCK_G09,MOCK_S17,1,-2.471948284459382e-05,8,16,True,MOCK DATA / NOT A SCIENTIFIC RESULT,displacement-report-draft-v1
non_speaking,2,MOCK_G09,MOCK_S17,2,-5.7958172284287574e-05,8,16,True,MOCK DATA / NOT A SCIENTIFIC RESULT,displacement-report-draft-v1
non_speaking,2,MOCK_G09,MOCK_S17,3,-9.125012395073121e-05,8,16,True,MOCK DATA / NOT A SCIENTIFIC RESULT,displacement-report-draft-v1
non_speaking,2,MOCK_G09,MOCK_S18,-3,1.1859252103462478e-05,8,16,True,MOCK DATA / NOT A SCIENTIFIC RESULT,displacement-report-draft-v1
non_speaking,2,MOCK_G09,MOCK_S18,-2,2.167178446554999e-05,8,16,True,MOCK DATA / NOT A SCIENTIFIC RESULT,displacement-report-draft-v1
non_speaking,2,MOCK_G09,MOCK_S18,-1,1.8578142548600037e-05,8,16,True,MOCK DATA / NOT A SCIENTIFIC RESULT,displacement-report-draft-v1
non_speaking,2,MOCK_G09,MOCK_S18,0,0.0,8,16,True,MOCK DATA / NOT A SCIENTIFIC RESULT,displacement-report-draft-v1
non_speaking,2,MOCK_G09,MOCK_S18,1,-3.1234906882793734e-05,8,16,True,MOCK DATA / NOT A SCIENTIFIC RESULT,displacement-report-draft-v1
non_speaking,2,MOCK_G09,MOCK_S18,2,-6.759752420379373e-05,8,16,True,MOCK DATA / NOT A SCIENTIFIC RESULT,displacement-report-draft-v1
non_speaking,2,MOCK_G09,MOCK_S18,3,-0.00010015142082363113,8,16,True,MOCK DATA / NOT A SCIENTIFIC RESULT,displacement-report-draft-v1
non_speaking,3,MOCK_G10,MOCK_S19,-3,3.400942958808759e-05,8,16,True,MOCK DATA / NOT A SCIENTIFIC RESULT,displacement-report-draft-v1
non_speaking,3,MOCK_G10,MOCK_S19,-2,3.601588068750624e-05,8,16,True,MOCK DATA / NOT A SCIENTIFIC RESULT,displacement-report-draft-v1
non_speaking,3,MOCK_G10,MOCK_S19,-1,2.5208995130756153e-05,8,16,True,MOCK DATA / NOT A SCIENTIFIC RESULT,displacement-report-draft-v1
non_speaking,3,MOCK_G10,MOCK_S19,0,0.0,8,16,True,MOCK DATA / NOT A SCIENTIFIC RESULT,displacement-report-draft-v1
non_speaking,3,MOCK_G10,MOCK_S19,1,-3.581313136174997e-05,8,16,True,MOCK DATA / NOT A SCIENTIFIC RESULT,displacement-report-draft-v1
non_speaking,3,MOCK_G10,MOCK_S19,2,-7.398223969054378e-05,8,16,True,MOCK DATA / NOT A SCIENTIFIC RESULT,displacement-report-draft-v1
non_speaking,3,MOCK_G10,MOCK_S19,3,-0.00010528784022188135,8,16,True,MOCK DATA / NOT A SCIENTIFIC RESULT,displacement-report-draft-v1
non_speaking,3,MOCK_G10,MOCK_S20,-3,4.709393557696237e-05,8,16,True,MOCK DATA / NOT A SCIENTIFIC RESULT,displacement-report-draft-v1
non_speaking,3,MOCK_G10,MOCK_S20,-2,4.414271085015001e-05,8,16,True,MOCK DATA / NOT A SCIENTIFIC RESULT,displacement-report-draft-v1
non_speaking,3,MOCK_G10,MOCK_S20,-1,2.878314173969382e-05,8,16,True,MOCK DATA / NOT A SCIENTIFIC RESULT,displacement-report-draft-v1
non_speaking,3,MOCK_G10,MOCK_S20,0,0.0,8,16,True,MOCK DATA / NOT A SCIENTIFIC RESULT,displacement-report-draft-v1
non_speaking,3,MOCK_G10,MOCK_S20,1,-3.7899025621237646e-05,8,16,True,MOCK DATA / NOT A SCIENTIFIC RESULT,displacement-report-draft-v1
non_speaking,3,MOCK_G10,MOCK_S20,2,-7.633814278615016e-05,8,16,True,MOCK DATA / NOT A SCIENTIFIC RESULT,displacement-report-draft-v1
non_speaking,3,MOCK_G10,MOCK_S20,3,-0.00010603656779795644,8,16,True,MOCK DATA / NOT A SCIENTIFIC RESULT,displacement-report-draft-v1
non_speaking,3,MOCK_G11,MOCK_S21,-3,4.952621386640618e-05,8,16,True,MOCK DATA / NOT A SCIENTIFIC RESULT,displacement-report-draft-v1
non_speaking,3,MOCK_G11,MOCK_S21,-2,4.5066859621668734e-05,8,16,True,MOCK DATA / NOT A SCIENTIFIC RESULT,displacement-report-draft-v1
non_speaking,3,MOCK_G11,MOCK_S21,-1,2.8867200749812573e-05,8,16,True,MOCK DATA / NOT A SCIENTIFIC RESULT,displacement-report-draft-v1
non_speaking,3,MOCK_G11,MOCK_S21,0,0.0,8,16,True,MOCK DATA / NOT A SCIENTIFIC RESULT,displacement-report-draft-v1
non_speaking,3,MOCK_G11,MOCK_S21,1,-3.723966544075632e-05,8,16,True,MOCK DATA / NOT A SCIENTIFIC RESULT,displacement-report-draft-v1
non_speaking,3,MOCK_G11,MOCK_S21,2,-7.437956946365631e-05,8,16,True,MOCK DATA / NOT A SCIENTIFIC RESULT,displacement-report-draft-v1
non_speaking,3,MOCK_G11,MOCK_S21,3,-0.0001023068169083124,8,16,True,MOCK DATA / NOT A SCIENTIFIC RESULT,displacement-report-draft-v1
non_speaking,3,MOCK_G11,MOCK_S22,-3,4.101133958786876e-05,8,16,True,MOCK DATA / NOT A SCIENTIFIC RESULT,displacement-report-draft-v1
non_speaking,3,MOCK_G11,MOCK_S22,-2,3.867626973618138e-05,8,16,True,MOCK DATA / NOT A SCIENTIFIC RESULT,displacement-report-draft-v1
non_speaking,3,MOCK_G11,MOCK_S22,-1,2.5450979621625134e-05,8,16,True,MOCK DATA / NOT A SCIENTIFIC RESULT,displacement-report-draft-v1
non_speaking,3,MOCK_G11,MOCK_S22,0,0.0,8,16,True,MOCK DATA / NOT A SCIENTIFIC RESULT,displacement-report-draft-v1
non_speaking,3,MOCK_G11,MOCK_S22,1,-3.39150012582688e-05,8,16,True,MOCK DATA / NOT A SCIENTIFIC RESULT,displacement-report-draft-v1
non_speaking,3,MOCK_G11,MOCK_S22,2,-6.834400569749371e-05,8,16,True,MOCK DATA / NOT A SCIENTIFIC RESULT,displacement-report-draft-v1
non_speaking,3,MOCK_G11,MOCK_S22,3,-9.455083690935626e-05,8,16,True,MOCK DATA / NOT A SCIENTIFIC RESULT,displacement-report-draft-v1
non_speaking,3,MOCK_G12,MOCK_S23,-3,2.258178019721264e-05,8,16,True,MOCK DATA / NOT A SCIENTIFIC RESULT,displacement-report-draft-v1
non_speaking,3,MOCK_G12,MOCK_S23,-2,2.5745829449787803e-05,8,16,True,MOCK DATA / NOT A SCIENTIFIC RESULT,displacement-report-draft-v1
non_speaking,3,MOCK_G12,MOCK_S23,-1,1.894871079376263e-05,8,16,True,MOCK DATA / NOT A SCIENTIFIC RESULT,displacement-report-draft-v1
non_speaking,3,MOCK_G12,MOCK_S23,0,0.0,8,16,True,MOCK DATA / NOT A SCIENTIFIC RESULT,displacement-report-draft-v1
non_speaking,3,MOCK_G12,MOCK_S23,1,-2.8328163814006187e-05,8,16,True,MOCK DATA / NOT A SCIENTIFIC RESULT,displacement-report-draft-v1
non_speaking,3,MOCK_G12,MOCK_S23,2,-5.8963291202906065e-05,8,16,True,MOCK DATA / NOT A SCIENTIFIC RESULT,displacement-report-draft-v1
non_speaking,3,MOCK_G12,MOCK_S23,3,-8.370907585421219e-05,8,16,True,MOCK DATA / NOT A SCIENTIFIC RESULT,displacement-report-draft-v1
non_speaking,3,MOCK_G12,MOCK_S24,-3,-3.527795926994094e-06,8,16,True,MOCK DATA / NOT A SCIENTIFIC RESULT,displacement-report-draft-v1
non_speaking,3,MOCK_G12,MOCK_S24,-2,7.843413795006072e-06,8,16,True,MOCK DATA / NOT A SCIENTIFIC RESULT,displacement-report-draft-v1
non_speaking,3,MOCK_G12,MOCK_S24,-1,1.014882410496252e-05,8,16,True,MOCK DATA / NOT A SCIENTIFIC RESULT,displacement-report-draft-v1
non_speaking,3,MOCK_G12,MOCK_S24,0,0.0,8,16,True,MOCK DATA / NOT A SCIENTIFIC RESULT,displacement-report-draft-v1
non_speaking,3,MOCK_G12,MOCK_S24,1,-2.1156582703912667e-05,8,16,True,MOCK DATA / NOT A SCIENTIFIC RESULT,displacement-report-draft-v1
non_speaking,3,MOCK_G12,MOCK_S24,2,-4.7374880522506454e-05,8,16,True,MOCK DATA / NOT A SCIENTIFIC RESULT,displacement-report-draft-v1
non_speaking,3,MOCK_G12,MOCK_S24,3,-7.109614686427507e-05,8,16,True,MOCK DATA / NOT A SCIENTIFIC RESULT,displacement-report-draft-v1
non_speaking,4,MOCK_G13,MOCK_S25,-3,-1.3546030213341942e-05,6,12,True,MOCK DATA / NOT A SCIENTIFIC RESULT,displacement-report-draft-v1
non_speaking,4,MOCK_G13,MOCK_S25,-2,1.1583042636248025e-06,6,12,True,MOCK DATA / NOT A SCIENTIFIC RESULT,displacement-report-draft-v1
non_speaking,4,MOCK_G13,MOCK_S25,-1,7.117044000916614e-06,6,12,True,MOCK DATA / NOT A SCIENTIFIC RESULT,displacement-report-draft-v1
non_speaking,4,MOCK_G13,MOCK_S25,0,0.0,6,12,True,MOCK DATA / NOT A SCIENTIFIC RESULT,displacement-report-draft-v1
non_speaking,4,MOCK_G13,MOCK_S25,1,-1.917250530700843e-05,6,12,True,MOCK DATA / NOT A SCIENTIFIC RESULT,displacement-report-draft-v1
non_speaking,4,MOCK_G13,MOCK_S25,2,-4.426781246935015e-05,6,12,True,MOCK DATA / NOT A SCIENTIFIC RESULT,displacement-report-draft-v1
non_speaking,4,MOCK_G13,MOCK_S25,3,-6.723370960392512e-05,6,12,True,MOCK DATA / NOT A SCIENTIFIC RESULT,displacement-report-draft-v1
non_speaking,4,MOCK_G13,MOCK_S26,-3,-6.438324071941673e-05,6,12,True,MOCK DATA / NOT A SCIENTIFIC RESULT,displacement-report-draft-v1
non_speaking,4,MOCK_G13,MOCK_S26,-2,-3.068690641536677e-05,6,12,True,MOCK DATA / NOT A SCIENTIFIC RESULT,displacement-report-draft-v1
non_speaking,4,MOCK_G13,MOCK_S26,-1,-6.98872376739174e-06,6,12,True,MOCK DATA / NOT A SCIENTIFIC RESULT,displacement-report-draft-v1
non_speaking,4,MOCK_G13,MOCK_S26,0,0.0,6,12,True,MOCK DATA / NOT A SCIENTIFIC RESULT,displacement-report-draft-v1
non_speaking,4,MOCK_G13,MOCK_S26,1,-1.0804934168191623e-05,6,12,True,MOCK DATA / NOT A SCIENTIFIC RESULT,displacement-report-draft-v1
non_speaking,4,MOCK_G13,MOCK_S26,2,-3.458516788931648e-05,6,12,True,MOCK DATA / NOT A SCIENTIFIC RESULT,displacement-report-draft-v1
non_speaking,4,MOCK_G13,MOCK_S26,3,-6.347459353525826e-05,6,12,True,MOCK DATA / NOT A SCIENTIFIC RESULT,displacement-report-draft-v1
non_speaking,4,MOCK_G14,MOCK_S27,-3,-0.00011329431701647496,6,12,True,MOCK DATA / NOT A SCIENTIFIC RESULT,displacement-report-draft-v1
non_speaking,4,MOCK_G14,MOCK_S27,-2,-6.101282356507505e-05,6,12,True,MOCK DATA / NOT A SCIENTIFIC RESULT,displacement-report-draft-v1
non_speaking,4,MOCK_G14,MOCK_S27,-1,-2.0247076810358422e-05,6,12,True,MOCK DATA / NOT A SCIENTIFIC RESULT,displacement-report-draft-v1
non_speaking,4,MOCK_G14,MOCK_S27,0,0.0,6,12,True,MOCK DATA / NOT A SCIENTIFIC RESULT,displacement-report-draft-v1
non_speaking,4,MOCK_G14,MOCK_S27,1,-3.3288495812583505e-06,6,12,True,MOCK DATA / NOT A SCIENTIFIC RESULT,displacement-report-draft-v1
non_speaking,4,MOCK_G14,MOCK_S27,2,-2.6589541736400065e-05,6,12,True,MOCK DATA / NOT A SCIENTIFIC RESULT,displacement-report-draft-v1
non_speaking,4,MOCK_G14,MOCK_S27,3,-6.198949240867502e-05,6,12,True,MOCK DATA / NOT A SCIENTIFIC RESULT,displacement-report-draft-v1
non_speaking,4,MOCK_G14,MOCK_S28,-3,-0.00015434856736931636,6,12,True,MOCK DATA / NOT A SCIENTIFIC RESULT,displacement-report-draft-v1
non_speaking,4,MOCK_G14,MOCK_S28,-2,-8.614229101112469e-05,6,12,True,MOCK DATA / NOT A SCIENTIFIC RESULT,displacement-report-draft-v1
non_speaking,4,MOCK_G14,MOCK_S28,-1,-3.1050379173749896e-05,6,12,True,MOCK DATA / NOT A SCIENTIFIC RESULT,displacement-report-draft-v1
non_speaking,4,MOCK_G14,MOCK_S28,0,0.0,6,12,True,MOCK DATA / NOT A SCIENTIFIC RESULT,displacement-report-draft-v1
non_speaking,4,MOCK_G14,MOCK_S28,1,2.3492389996750997e-06,6,12,True,MOCK DATA / NOT A SCIENTIFIC RESULT,displacement-report-draft-v1
non_speaking,4,MOCK_G14,MOCK_S28,2,-2.1250440256099953e-05,6,12,True,MOCK DATA / NOT A SCIENTIFIC RESULT,displacement-report-draft-v1
non_speaking,4,MOCK_G14,MOCK_S28,3,-6.29584815291083e-05,6,12,True,MOCK DATA / NOT A SCIENTIFIC RESULT,displacement-report-draft-v1
non_speaking,4,MOCK_G15,MOCK_S29,-3,-0.00018256797612800816,6,12,True,MOCK DATA / NOT A SCIENTIFIC RESULT,displacement-report-draft-v1
non_speaking,4,MOCK_G15,MOCK_S29,-2,-0.00010302824587580816,6,12,True,MOCK DATA / NOT A SCIENTIFIC RESULT,displacement-report-draft-v1
non_speaking,4,MOCK_G15,MOCK_S29,-1,-3.808868102840821e-05,6,12,True,MOCK DATA / NOT A SCIENTIFIC RESULT,displacement-report-draft-v1
non_speaking,4,MOCK_G15,MOCK_S29,0,0.0,6,12,True,MOCK DATA / NOT A SCIENTIFIC RESULT,displacement-report-draft-v1
non_speaking,4,MOCK_G15,MOCK_S29,1,5.540837360908247e-06,6,12,True,MOCK DATA / NOT A SCIENTIFIC RESULT,displacement-report-draft-v1
non_speaking,4,MOCK_G15,MOCK_S29,2,-1.921525392555833e-05,6,12,True,MOCK DATA / NOT A SCIENTIFIC RESULT,displacement-report-draft-v1
non_speaking,4,MOCK_G15,MOCK_S29,3,-6.626406653321656e-05,6,12,True,MOCK DATA / NOT A SCIENTIFIC RESULT,displacement-report-draft-v1
non_speaking,4,MOCK_G15,MOCK_S30,-3,-0.00019453081089635844,6,12,True,MOCK DATA / NOT A SCIENTIFIC RESULT,displacement-report-draft-v1
non_speaking,4,MOCK_G15,MOCK_S30,-2,-0.00010962318889029181,6,12,True,MOCK DATA / NOT A SCIENTIFIC RESULT,displacement-report-draft-v1
non_speaking,4,MOCK_G15,MOCK_S30,-1,-4.050855607912503e-05,6,12,True,MOCK DATA / NOT A SCIENTIFIC RESULT,displacement-report-draft-v1
non_speaking,4,MOCK_G15,MOCK_S30,0,0.0,6,12,True,MOCK DATA / NOT A SCIENTIFIC RESULT,displacement-report-draft-v1
non_speaking,4,MOCK_G15,MOCK_S30,1,5.858949601766728e-06,6,12,True,MOCK DATA / NOT A SCIENTIFIC RESULT,displacement-report-draft-v1
non_speaking,4,MOCK_G15,MOCK_S30,2,-2.0730758396933415e-05,6,12,True,MOCK DATA / NOT A SCIENTIFIC RESULT,displacement-report-draft-v1
non_speaking,4,MOCK_G15,MOCK_S30,3,-7.150543011852507e-05,6,12,True,MOCK DATA / NOT A SCIENTIFIC RESULT,displacement-report-draft-v1
speaking,0,MOCK_G01,MOCK_S01,-3,0.00022374704341823103,8,16,True,MOCK DATA / NOT A SCIENTIFIC RESULT,displacement-report-draft-v1
speaking,0,MOCK_G01,MOCK_S01,-2,0.0001068204888136311,8,16,True,MOCK DATA / NOT A SCIENTIFIC RESULT,displacement-report-draft-v1
speaking,0,MOCK_G01,MOCK_S01,-1,2.4955231819768684e-05,8,16,True,MOCK DATA / NOT A SCIENTIFIC RESULT,displacement-report-draft-v1
speaking,0,MOCK_G01,MOCK_S01,0,0.0,8,16,True,MOCK DATA / NOT A SCIENTIFIC RESULT,displacement-report-draft-v1
speaking,0,MOCK_G01,MOCK_S01,1,3.571594526969994e-05,8,16,True,MOCK DATA / NOT A SCIENTIFIC RESULT,displacement-report-draft-v1
speaking,0,MOCK_G01,MOCK_S01,2,0.0001168487987049248,8,16,True,MOCK DATA / NOT A SCIENTIFIC RESULT,displacement-report-draft-v1
speaking,0,MOCK_G01,MOCK_S01,3,0.00021804410937055615,8,16,True,MOCK DATA / NOT A SCIENTIFIC RESULT,displacement-report-draft-v1
speaking,0,MOCK_G01,MOCK_S02,-3,0.0002373131306391062,8,16,True,MOCK DATA / NOT A SCIENTIFIC RESULT,displacement-report-draft-v1
speaking,0,MOCK_G01,MOCK_S02,-2,0.00011527519187005627,8,16,True,MOCK DATA / NOT A SCIENTIFIC RESULT,displacement-report-draft-v1
speaking,0,MOCK_G01,MOCK_S02,-1,2.8689383293187536e-05,8,16,True,MOCK DATA / NOT A SCIENTIFIC RESULT,displacement-report-draft-v1
speaking,0,MOCK_G01,MOCK_S02,0,0.0,8,16,True,MOCK DATA / NOT A SCIENTIFIC RESULT,displacement-report-draft-v1
speaking,0,MOCK_G01,MOCK_S02,1,3.350193411200001e-05,8,16,True,MOCK DATA / NOT A SCIENTIFIC RESULT,displacement-report-draft-v1
speaking,0,MOCK_G01,MOCK_S02,2,0.00011428867320245622,8,16,True,MOCK DATA / NOT A SCIENTIFIC RESULT,displacement-report-draft-v1
speaking,0,MOCK_G01,MOCK_S02,3,0.00021707811251611876,8,16,True,MOCK DATA / NOT A SCIENTIFIC RESULT,displacement-report-draft-v1
speaking,0,MOCK_G02,MOCK_S03,-3,0.00024027462495369379,8,16,True,MOCK DATA / NOT A SCIENTIFIC RESULT,displacement-report-draft-v1
speaking,0,MOCK_G02,MOCK_S03,-2,0.00011655513886724372,8,16,True,MOCK DATA / NOT A SCIENTIFIC RESULT,displacement-report-draft-v1
speaking,0,MOCK_G02,MOCK_S03,-1,2.894481580832496e-05,8,16,True,MOCK DATA / NOT A SCIENTIFIC RESULT,displacement-report-draft-v1
speaking,0,MOCK_G02,MOCK_S03,0,0.0,8,16,True,MOCK DATA / NOT A SCIENTIFIC RESULT,displacement-report-draft-v1
speaking,0,MOCK_G02,MOCK_S03,1,3.402854845404376e-05,8,16,True,MOCK DATA / NOT A SCIENTIFIC RESULT,displacement-report-draft-v1
speaking,0,MOCK_G02,MOCK_S03,2,0.00011604123300931236,8,16,True,MOCK DATA / NOT A SCIENTIFIC RESULT,displacement-report-draft-v1
speaking,0,MOCK_G02,MOCK_S03,3,0.00022059882314629984,8,16,True,MOCK DATA / NOT A SCIENTIFIC RESULT,displacement-report-draft-v1
speaking,0,MOCK_G02,MOCK_S04,-3,0.00023227243162945635,8,16,True,MOCK DATA / NOT A SCIENTIFIC RESULT,displacement-report-draft-v1
speaking,0,MOCK_G02,MOCK_S04,-2,0.00011050513037685005,8,16,True,MOCK DATA / NOT A SCIENTIFIC RESULT,displacement-report-draft-v1
speaking,0,MOCK_G02,MOCK_S04,-1,2.569055700425623e-05,8,16,True,MOCK DATA / NOT A SCIENTIFIC RESULT,displacement-report-draft-v1
speaking,0,MOCK_G02,MOCK_S04,0,0.0,8,16,True,MOCK DATA / NOT A SCIENTIFIC RESULT,displacement-report-draft-v1
speaking,0,MOCK_G02,MOCK_S04,1,3.723193389796876e-05,8,16,True,MOCK DATA / NOT A SCIENTIFIC RESULT,displacement-report-draft-v1
speaking,0,MOCK_G02,MOCK_S04,2,0.00012189397223206881,8,16,True,MOCK DATA / NOT A SCIENTIFIC RESULT,displacement-report-draft-v1
speaking,0,MOCK_G02,MOCK_S04,3,0.00022817933899228136,8,16,True,MOCK DATA / NOT A SCIENTIFIC RESULT,displacement-report-draft-v1
speaking,0,MOCK_G03,MOCK_S05,-3,0.00021427685321153756,8,16,True,MOCK DATA / NOT A SCIENTIFIC RESULT,displacement-report-draft-v1
speaking,0,MOCK_G03,MOCK_S05,-2,9.785875760299372e-05,8,16,True,MOCK DATA / NOT A SCIENTIFIC RESULT,displacement-report-draft-v1
speaking,0,MOCK_G03,MOCK_S05,-1,1.9321200646993744e-05,8,16,True,MOCK DATA / NOT A SCIENTIFIC RESULT,displacement-report-draft-v1
speaking,0,MOCK_G03,MOCK_S05,0,0.0,8,16,True,MOCK DATA / NOT A SCIENTIFIC RESULT,displacement-report-draft-v1
speaking,0,MOCK_G03,MOCK_S05,1,4.272366530543747e-05,8,16,True,MOCK DATA / NOT A SCIENTIFIC RESULT,displacement-report-draft-v1
speaking,0,MOCK_G03,MOCK_S05,2,0.00013113721946785624,8,16,True,MOCK DATA / NOT A SCIENTIFIC RESULT,displacement-report-draft-v1
speaking,0,MOCK_G03,MOCK_S05,3,0.00023890048783224374,8,16,True,MOCK DATA / NOT A SCIENTIFIC RESULT,displacement-report-draft-v1
speaking,0,MOCK_G03,MOCK_S06,-3,0.00018846993590036873,8,16,True,MOCK DATA / NOT A SCIENTIFIC RESULT,displacement-report-draft-v1
speaking,0,MOCK_G03,MOCK_S06,-2,8.014945109286874e-05,8,16,True,MOCK DATA / NOT A SCIENTIFIC RESULT,displacement-report-draft-v1
speaking,0,MOCK_G03,MOCK_S06,-1,1.060906033021876e-05,8,16,True,MOCK DATA / NOT A SCIENTIFIC RESULT,displacement-report-draft-v1
speaking,0,MOCK_G03,MOCK_S06,0,0.0,8,16,True,MOCK DATA / NOT A SCIENTIFIC RESULT,displacement-report-draft-v1
speaking,0,MOCK_G03,MOCK_S06,1,4.9837845122443656e-05,8,16,True,MOCK DATA / NOT A SCIENTIFIC RESULT,displacement-report-draft-v1
speaking,0,MOCK_G03,MOCK_S06,2,0.00014265018870785612,8,16,True,MOCK DATA / NOT A SCIENTIFIC RESULT,displacement-report-draft-v1
speaking,0,MOCK_G03,MOCK_S06,3,0.0002514622813274749,8,16,True,MOCK DATA / NOT A SCIENTIFIC RESULT,displacement-report-draft-v1
speaking,1,MOCK_G04,MOCK_S07,-3,0.0001579808864685874,8,16,True,MOCK DATA / NOT A SCIENTIFIC RESULT,displacement-report-draft-v1
speaking,1,MOCK_G04,MOCK_S07,-2,5.95245452685311e-05,8,16,True,MOCK DATA / NOT A SCIENTIFIC RESULT,displacement-report-draft-v1
speaking,1,MOCK_G04,MOCK_S07,-1,6.105229192999388e-07,8,16,True,MOCK DATA / NOT A SCIENTIFIC RESULT,displacement-report-draft-v1
speaking,1,MOCK_G04,MOCK_S07,0,0.0,8,16,True,MOCK DATA / NOT A SCIENTIFIC RESULT,displacement-report-draft-v1
speaking,1,MOCK_G04,MOCK_S07,1,5.771184650370611e-05,8,16,True,MOCK DATA / NOT A SCIENTIFIC RESULT,displacement-report-draft-v1
speaking,1,MOCK_G04,MOCK_S07,2,0.00015503687976784348,8,16,True,MOCK DATA / NOT A SCIENTIFIC RESULT,displacement-report-draft-v1
speaking,1,MOCK_G04,MOCK_S07,3,0.00026434154455519344,8,16,True,MOCK DATA / NOT A SCIENTIFIC RESULT,displacement-report-draft-v1
speaking,1,MOCK_G04,MOCK_S08,-3,0.00012650664162606264,8,16,True,MOCK DATA / NOT A SCIENTIFIC RESULT,displacement-report-draft-v1
speaking,1,MOCK_G04,MOCK_S08,-2,3.848490430587506e-05,8,16,True,MOCK DATA / NOT A SCIENTIFIC RESULT,displacement-report-draft-v1
speaking,1,MOCK_G04,MOCK_S08,-1,-9.462043188281305e-06,8,16,True,MOCK DATA / NOT A SCIENTIFIC RESULT,displacement-report-draft-v1
speaking,1,MOCK_G04,MOCK_S08,0,0.0,8,16,True,MOCK DATA / NOT A SCIENTIFIC RESULT,displacement-report-draft-v1
speaking,1,MOCK_G04,MOCK_S08,1,6.539091076373127e-05,8,16,True,MOCK DATA / NOT A SCIENTIFIC RESULT,displacement-report-draft-v1
speaking,1,MOCK_G04,MOCK_S08,2,0.0001667953496963626,8,16,True,MOCK DATA / NOT A SCIENTIFIC RESULT,displacement-report-draft-v1
speaking,1,MOCK_G04,MOCK_S08,3,0.00027597660793540003,8,16,True,MOCK DATA / NOT A SCIENTIFIC RESULT,displacement-report-draft-v1
speaking,1,MOCK_G05,MOCK_S09,-3,9.786359753275018e-05,8,16,True,MOCK DATA / NOT A SCIENTIFIC RESULT,displacement-report-draft-v1
speaking,1,MOCK_G05,MOCK_S09,-2,1.9581680913337773e-05,8,16,True,MOCK DATA / NOT A SCIENTIFIC RESULT,displacement-report-draft-v1
speaking,1,MOCK_G05,MOCK_S09,-1,-1.8387293277012347e-05,8,16,True,MOCK DATA / NOT A SCIENTIFIC RESULT,displacement-report-draft-v1
speaking,1,MOCK_G05,MOCK_S09,0,0.0,8,16,True,MOCK DATA / NOT A SCIENTIFIC RESULT,displacement-report-draft-v1
speaking,1,MOCK_G05,MOCK_S09,1,7.194391623455002e-05,8,16,True,MOCK DATA / NOT A SCIENTIFIC RESULT,displacement-report-draft-v1
speaking,1,MOCK_G05,MOCK_S09,2,0.0001764998302277,8,16,True,MOCK DATA / NOT A SCIENTIFIC RESULT,displacement-report-draft-v1
speaking,1,MOCK_G05,MOCK_S09,3,0.0002849566668108938,8,16,True,MOCK DATA / NOT A SCIENTIFIC RESULT,displacement-report-draft-v1
speaking,1,MOCK_G05,MOCK_S10,-3,7.552485430695633e-05,8,16,True,MOCK DATA / NOT A SCIENTIFIC RESULT,displacement-report-draft-v1
speaking,1,MOCK_G05,MOCK_S10,-2,5.106977396343766e-06,8,16,True,MOCK DATA / NOT A SCIENTIFIC RESULT,displacement-report-draft-v1
speaking,1,MOCK_G05,MOCK_S10,-1,-2.5082999946818762e-05,8,16,True,MOCK DATA / NOT A SCIENTIFIC RESULT,displacement-report-draft-v1
speaking,1,MOCK_G05,MOCK_S10,0,0.0,8,16,True,MOCK DATA / NOT A SCIENTIFIC RESULT,displacement-report-draft-v1
speaking,1,MOCK_G05,MOCK_S10,1,7.657628102738129e-05,8,16,True,MOCK DATA / NOT A SCIENTIFIC RESULT,displacement-report-draft-v1
speaking,1,MOCK_G05,MOCK_S10,2,0.00018297360870617505,8,16,True,MOCK DATA / NOT A SCIENTIFIC RESULT,displacement-report-draft-v1
speaking,1,MOCK_G05,MOCK_S10,3,0.00029019284796548124,8,16,True,MOCK DATA / NOT A SCIENTIFIC RESULT,displacement-report-draft-v1
speaking,1,MOCK_G06,MOCK_S11,-3,6.219908674908733e-05,8,16,True,MOCK DATA / NOT A SCIENTIFIC RESULT,displacement-report-draft-v1
speaking,1,MOCK_G06,MOCK_S11,-2,-3.1840822319251423e-06,8,16,True,MOCK DATA / NOT A SCIENTIFIC RESULT,displacement-report-draft-v1
speaking,1,MOCK_G06,MOCK_S11,-1,-2.8737278135781313e-05,8,16,True,MOCK DATA / NOT A SCIENTIFIC RESULT,displacement-report-draft-v1
speaking,1,MOCK_G06,MOCK_S11,0,0.0,8,16,True,MOCK DATA / NOT A SCIENTIFIC RESULT,displacement-report-draft-v1
speaking,1,MOCK_G06,MOCK_S11,1,7.872630972126875e-05,8,16,True,MOCK DATA / NOT A SCIENTIFIC RESULT,displacement-report-draft-v1
speaking,1,MOCK_G06,MOCK_S11,2,0.00018543170987826252,8,16,True,MOCK DATA / NOT A SCIENTIFIC RESULT,displacement-report-draft-v1
speaking,1,MOCK_G06,MOCK_S11,3,0.00029105024048229386,8,16,True,MOCK DATA / NOT A SCIENTIFIC RESULT,displacement-report-draft-v1
speaking,1,MOCK_G06,MOCK_S12,-3,5.95021051316438e-05,8,16,True,MOCK DATA / NOT A SCIENTIFIC RESULT,displacement-report-draft-v1
speaking,1,MOCK_G06,MOCK_S12,-2,-4.2861690657000715e-06,8,16,True,MOCK DATA / NOT A SCIENTIFIC RESULT,displacement-report-draft-v1
speaking,1,MOCK_G06,MOCK_S12,-1,-2.8907029897687515e-05,8,16,True,MOCK DATA / NOT A SCIENTIFIC RESULT,displacement-report-draft-v1
speaking,1,MOCK_G06,MOCK_S12,0,0.0,8,16,True,MOCK DATA / NOT A SCIENTIFIC RESULT,displacement-report-draft-v1
speaking,1,MOCK_G06,MOCK_S12,1,7.813330150218111e-05,8,16,True,MOCK DATA / NOT A SCIENTIFIC RESULT,displacement-report-draft-v1
speaking,1,MOCK_G06,MOCK_S12,2,0.00018357607773271856,8,16,True,MOCK DATA / NOT A SCIENTIFIC RESULT,displacement-report-draft-v1
speaking,1,MOCK_G06,MOCK_S12,3,0.00028742488159666236,8,16,True,MOCK DATA / NOT A SCIENTIFIC RESULT,displacement-report-draft-v1
speaking,2,MOCK_G07,MOCK_S13,-3,6.776093081253744e-05,8,16,True,MOCK DATA / NOT A SCIENTIFIC RESULT,displacement-report-draft-v1
speaking,2,MOCK_G07,MOCK_S13,-2,1.9343499648937466e-06,8,16,True,MOCK DATA / NOT A SCIENTIFIC RESULT,displacement-report-draft-v1
speaking,2,MOCK_G07,MOCK_S13,-1,-2.5571672054918717e-05,8,16,True,MOCK DATA / NOT A SCIENTIFIC RESULT,displacement-report-draft-v1
speaking,2,MOCK_G07,MOCK_S13,0,0.0,8,16,True,MOCK DATA / NOT A SCIENTIFIC RESULT,displacement-report-draft-v1
speaking,2,MOCK_G07,MOCK_S13,1,7.486916132928747e-05,8,16,True,MOCK DATA / NOT A SCIENTIFIC RESULT,displacement-report-draft-v1
speaking,2,MOCK_G07,MOCK_S13,2,0.00017763171615543122,8,16,True,MOCK DATA / NOT A SCIENTIFIC RESULT,displacement-report-draft-v1
speaking,2,MOCK_G07,MOCK_S13,3,0.0002797563626570187,8,16,True,MOCK DATA / NOT A SCIENTIFIC RESULT,displacement-report-draft-v1
speaking,2,MOCK_G07,MOCK_S14,-3,8.59741433996125e-05,8,16,True,MOCK DATA / NOT A SCIENTIFIC RESULT,displacement-report-draft-v1
speaking,2,MOCK_G07,MOCK_S14,-2,1.472320847281883e-05,8,16,True,MOCK DATA / NOT A SCIENTIFIC RESULT,displacement-report-draft-v1
speaking,2,MOCK_G07,MOCK_S14,-1,-1.9135632002868753e-05,8,16,True,MOCK DATA / NOT A SCIENTIFIC RESULT,displacement-report-draft-v1
speaking,2,MOCK_G07,MOCK_S14,0,0.0,8,16,True,MOCK DATA / NOT A SCIENTIFIC RESULT,displacement-report-draft-v1
speaking,2,MOCK_G07,MOCK_S14,1,6.932968112971261e-05,8,16,True,MOCK DATA / NOT A SCIENTIFIC RESULT,displacement-report-draft-v1
speaking,2,MOCK_G07,MOCK_S14,2,0.00016831940617896882,8,16,True,MOCK DATA / NOT A SCIENTIFIC RESULT,displacement-report-draft-v1
speaking,2,MOCK_G07,MOCK_S14,3,0.0002689745266629001,8,16,True,MOCK DATA / NOT A SCIENTIFIC RESULT,displacement-report-draft-v1
speaking,2,MOCK_G08,MOCK_S15,-3,0.00011193330755385612,8,16,True,MOCK DATA / NOT A SCIENTIFIC RESULT,displacement-report-draft-v1
speaking,2,MOCK_G08,MOCK_S15,-2,3.252969886388126e-05,8,16,True,MOCK DATA / NOT A SCIENTIFIC RESULT,displacement-report-draft-v1
speaking,2,MOCK_G08,MOCK_S15,-1,-1.0379309038237522e-05,8,16,True,MOCK DATA / NOT A SCIENTIFIC RESULT,displacement-report-draft-v1
speaking,2,MOCK_G08,MOCK_S15,0,0.0,8,16,True,MOCK DATA / NOT A SCIENTIFIC RESULT,displacement-report-draft-v1
speaking,2,MOCK_G08,MOCK_S15,1,6.218654821694373e-05,8,16,True,MOCK DATA / NOT A SCIENTIFIC RESULT,displacement-report-draft-v1
speaking,2,MOCK_G08,MOCK_S15,2,0.00015676830798531867,8,16,True,MOCK DATA / NOT A SCIENTIFIC RESULT,displacement-report-draft-v1
speaking,2,MOCK_G08,MOCK_S15,3,0.000256386720548,8,16,True,MOCK DATA / NOT A SCIENTIFIC RESULT,displacement-report-draft-v1
speaking,2,MOCK_G08,MOCK_S16,-3,0.00014249075587641848,8,16,True,MOCK DATA / NOT A SCIENTIFIC RESULT,displacement-report-draft-v1
speaking,2,MOCK_G08,MOCK_S16,-2,5.3194702725818514e-05,8,16,True,MOCK DATA / NOT A SCIENTIFIC RESULT,displacement-report-draft-v1
speaking,2,MOCK_G08,MOCK_S16,-1,-3.644473745938984e-07,8,16,True,MOCK DATA / NOT A SCIENTIFIC RESULT,displacement-report-draft-v1
speaking,2,MOCK_G08,MOCK_S16,0,0.0,8,16,True,MOCK DATA / NOT A SCIENTIFIC RESULT,displacement-report-draft-v1
speaking,2,MOCK_G08,MOCK_S16,1,5.430590013150616e-05,8,16,True,MOCK DATA / NOT A SCIENTIFIC RESULT,displacement-report-draft-v1
speaking,2,MOCK_G08,MOCK_S16,2,0.00014437904506870602,8,16,True,MOCK DATA / NOT A SCIENTIFIC RESULT,displacement-report-draft-v1
speaking,2,MOCK_G08,MOCK_S16,3,0.00024351927338423732,8,16,True,MOCK DATA / NOT A SCIENTIFIC RESULT,displacement-report-draft-v1
speaking,2,MOCK_G09,MOCK_S17,-3,0.00017394125797914992,8,16,True,MOCK DATA / NOT A SCIENTIFIC RESULT,displacement-report-draft-v1
speaking,2,MOCK_G09,MOCK_S17,-2,7.421249381234999e-05,8,16,True,MOCK DATA / NOT A SCIENTIFIC RESULT,displacement-report-draft-v1
speaking,2,MOCK_G09,MOCK_S17,-1,9.694605200318766e-06,8,16,True,MOCK DATA / NOT A SCIENTIFIC RESULT,displacement-report-draft-v1
speaking,2,MOCK_G09,MOCK_S17,0,0.0,8,16,True,MOCK DATA / NOT A SCIENTIFIC RESULT,displacement-report-draft-v1
speaking,2,MOCK_G09,MOCK_S17,1,4.664330150227499e-05,8,16,True,MOCK DATA / NOT A SCIENTIFIC RESULT,displacement-report-draft-v1
speaking,2,MOCK_G09,MOCK_S17,2,0.00013265387223007494,8,16,True,MOCK DATA / NOT A SCIENTIFIC RESULT,displacement-report-draft-v1
speaking,2,MOCK_G09,MOCK_S17,3,0.00023193242199986242,8,16,True,MOCK DATA / NOT A SCIENTIFIC RESULT,displacement-report-draft-v1
speaking,2,MOCK_G09,MOCK_S18,-3,0.00020247129661783107,8,16,True,MOCK DATA / NOT A SCIENTIFIC RESULT,displacement-report-draft-v1
speaking,2,MOCK_G09,MOCK_S18,-2,9.303456881242487e-05,8,16,True,MOCK DATA / NOT A SCIENTIFIC RESULT,displacement-report-draft-v1
speaking,2,MOCK_G09,MOCK_S18,-1,1.8578142548599983e-05,8,16,True,MOCK DATA / NOT A SCIENTIFIC RESULT,displacement-report-draft-v1
speaking,2,MOCK_G09,MOCK_S18,0,0.0,8,16,True,MOCK DATA / NOT A SCIENTIFIC RESULT,displacement-report-draft-v1
speaking,2,MOCK_G09,MOCK_S18,1,4.012787746408749e-05,8,16,True,MOCK DATA / NOT A SCIENTIFIC RESULT,displacement-report-draft-v1
speaking,2,MOCK_G09,MOCK_S18,2,0.0001230145203105875,8,16,True,MOCK DATA / NOT A SCIENTIFIC RESULT,displacement-report-draft-v1
speaking,2,MOCK_G09,MOCK_S18,3,0.00022303112512699373,8,16,True,MOCK DATA / NOT A SCIENTIFIC RESULT,displacement-report-draft-v1
speaking,3,MOCK_G10,MOCK_S19,-3,0.00022462147410245016,8,16,True,MOCK DATA / NOT A SCIENTIFIC RESULT,displacement-report-draft-v1
speaking,3,MOCK_G10,MOCK_S19,-2,0.00010737866503437505,8,16,True,MOCK DATA / NOT A SCIENTIFIC RESULT,displacement-report-draft-v1
speaking,3,MOCK_G10,MOCK_S19,-1,2.520899513076873e-05,8,16,True,MOCK DATA / NOT A SCIENTIFIC RESULT,displacement-report-draft-v1
speaking,3,MOCK_G10,MOCK_S19,0,0.0,8,16,True,MOCK DATA / NOT A SCIENTIFIC RESULT,displacement-report-draft-v1
speaking,3,MOCK_G10,MOCK_S19,1,3.554965298510626e-05,8,16,True,MOCK DATA / NOT A SCIENTIFIC RESULT,displacement-report-draft-v1
speaking,3,MOCK_G10,MOCK_S19,2,0.00011662980482382503,8,16,True,MOCK DATA / NOT A SCIENTIFIC RESULT,displacement-report-draft-v1
speaking,3,MOCK_G10,MOCK_S19,3,0.0002178947057287313,8,16,True,MOCK DATA / NOT A SCIENTIFIC RESULT,displacement-report-draft-v1
speaking,3,MOCK_G10,MOCK_S20,-3,0.00023770598009132505,8,16,True,MOCK DATA / NOT A SCIENTIFIC RESULT,displacement-report-draft-v1
speaking,3,MOCK_G10,MOCK_S20,-2,0.00011550549519701259,8,16,True,MOCK DATA / NOT A SCIENTIFIC RESULT,displacement-report-draft-v1
speaking,3,MOCK_G10,MOCK_S20,-1,2.8783141739687585e-05,8,16,True,MOCK DATA / NOT A SCIENTIFIC RESULT,displacement-report-draft-v1
speaking,3,MOCK_G10,MOCK_S20,0,0.0,8,16,True,MOCK DATA / NOT A SCIENTIFIC RESULT,displacement-report-draft-v1
speaking,3,MOCK_G10,MOCK_S20,1,3.346375872563122e-05,8,16,True,MOCK DATA / NOT A SCIENTIFIC RESULT,displacement-report-draft-v1
speaking,3,MOCK_G10,MOCK_S20,2,0.00011427390172821247,8,16,True,MOCK DATA / NOT A SCIENTIFIC RESULT,displacement-report-draft-v1
speaking,3,MOCK_G10,MOCK_S20,3,0.00021714597815266257,8,16,True,MOCK DATA / NOT A SCIENTIFIC RESULT,displacement-report-draft-v1
speaking,3,MOCK_G11,MOCK_S21,-3,0.00024013825838077504,8,16,True,MOCK DATA / NOT A SCIENTIFIC RESULT,displacement-report-draft-v1
speaking,3,MOCK_G11,MOCK_S21,-2,0.00011642964396854367,8,16,True,MOCK DATA / NOT A SCIENTIFIC RESULT,displacement-report-draft-v1
speaking,3,MOCK_G11,MOCK_S21,-1,2.886720074980623e-05,8,16,True,MOCK DATA / NOT A SCIENTIFIC RESULT,displacement-report-draft-v1
speaking,3,MOCK_G11,MOCK_S21,0,0.0,8,16,True,MOCK DATA / NOT A SCIENTIFIC RESULT,displacement-report-draft-v1
speaking,3,MOCK_G11,MOCK_S21,1,3.412311890613114e-05,8,16,True,MOCK DATA / NOT A SCIENTIFIC RESULT,displacement-report-draft-v1
speaking,3,MOCK_G11,MOCK_S21,2,0.00011623247505071873,8,16,True,MOCK DATA / NOT A SCIENTIFIC RESULT,displacement-report-draft-v1
speaking,3,MOCK_G11,MOCK_S21,3,0.0002208757290422937,8,16,True,MOCK DATA / NOT A SCIENTIFIC RESULT,displacement-report-draft-v1
speaking,3,MOCK_G11,MOCK_S22,-3,0.00023162338410221252,8,16,True,MOCK DATA / NOT A SCIENTIFIC RESULT,displacement-report-draft-v1
speaking,3,MOCK_G11,MOCK_S22,-2,0.00011003905408302499,8,16,True,MOCK DATA / NOT A SCIENTIFIC RESULT,displacement-report-draft-v1
speaking,3,MOCK_G11,MOCK_S22,-1,2.5450979621618737e-05,8,16,True,MOCK DATA / NOT A SCIENTIFIC RESULT,displacement-report-draft-v1
speaking,3,MOCK_G11,MOCK_S22,0,0.0,8,16,True,MOCK DATA / NOT A SCIENTIFIC RESULT,displacement-report-draft-v1
speaking,3,MOCK_G11,MOCK_S22,1,3.744778308856873e-05,8,16,True,MOCK DATA / NOT A SCIENTIFIC RESULT,displacement-report-draft-v1
speaking,3,MOCK_G11,MOCK_S22,2,0.00012226803881683752,8,16,True,MOCK DATA / NOT A SCIENTIFIC RESULT,displacement-report-draft-v1
speaking,3,MOCK_G11,MOCK_S22,3,0.0002286317090412376,8,16,True,MOCK DATA / NOT A SCIENTIFIC RESULT,displacement-report-draft-v1
speaking,3,MOCK_G12,MOCK_S23,-3,0.0002131938247115563,8,16,True,MOCK DATA / NOT A SCIENTIFIC RESULT,displacement-report-draft-v1
speaking,3,MOCK_G12,MOCK_S23,-2,9.710861379663748e-05,8,16,True,MOCK DATA / NOT A SCIENTIFIC RESULT,displacement-report-draft-v1
speaking,3,MOCK_G12,MOCK_S23,-1,1.894871079375618e-05,8,16,True,MOCK DATA / NOT A SCIENTIFIC RESULT,displacement-report-draft-v1
speaking,3,MOCK_G12,MOCK_S23,0,0.0,8,16,True,MOCK DATA / NOT A SCIENTIFIC RESULT,displacement-report-draft-v1
speaking,3,MOCK_G12,MOCK_S23,1,4.303462053285628e-05,8,16,True,MOCK DATA / NOT A SCIENTIFIC RESULT,displacement-report-draft-v1
speaking,3,MOCK_G12,MOCK_S23,2,0.00013164875331144377,8,16,True,MOCK DATA / NOT A SCIENTIFIC RESULT,displacement-report-draft-v1
speaking,3,MOCK_G12,MOCK_S23,3,0.00023947347009638757,8,16,True,MOCK DATA / NOT A SCIENTIFIC RESULT,displacement-report-draft-v1
speaking,3,MOCK_G12,MOCK_S24,-3,0.00018708424858735623,8,16,True,MOCK DATA / NOT A SCIENTIFIC RESULT,displacement-report-draft-v1
speaking,3,MOCK_G12,MOCK_S24,-2,7.920619814185623e-05,8,16,True,MOCK DATA / NOT A SCIENTIFIC RESULT,displacement-report-draft-v1
speaking,3,MOCK_G12,MOCK_S24,-1,1.0148824104962465e-05,8,16,True,MOCK DATA / NOT A SCIENTIFIC RESULT,displacement-report-draft-v1
speaking,3,MOCK_G12,MOCK_S24,0,0.0,8,16,True,MOCK DATA / NOT A SCIENTIFIC RESULT,displacement-report-draft-v1
speaking,3,MOCK_G12,MOCK_S24,1,5.020620164292503e-05,8,16,True,MOCK DATA / NOT A SCIENTIFIC RESULT,displacement-report-draft-v1
speaking,3,MOCK_G12,MOCK_S24,2,0.000143237163991825,8,16,True,MOCK DATA / NOT A SCIENTIFIC RESULT,displacement-report-draft-v1
speaking,3,MOCK_G12,MOCK_S24,3,0.000252086399086325,8,16,True,MOCK DATA / NOT A SCIENTIFIC RESULT,displacement-report-draft-v1
speaking,4,MOCK_G13,MOCK_S25,-3,0.0001759662739157584,6,12,True,MOCK DATA / NOT A SCIENTIFIC RESULT,displacement-report-draft-v1
speaking,4,MOCK_G13,MOCK_S25,-2,7.210935945585002e-05,6,12,True,MOCK DATA / NOT A SCIENTIFIC RESULT,displacement-report-draft-v1
speaking,4,MOCK_G13,MOCK_S25,-1,7.117044000916614e-06,6,12,True,MOCK DATA / NOT A SCIENTIFIC RESULT,displacement-report-draft-v1
speaking,4,MOCK_G13,MOCK_S25,0,0.0,6,12,True,MOCK DATA / NOT A SCIENTIFIC RESULT,displacement-report-draft-v1
speaking,4,MOCK_G13,MOCK_S25,1,5.1778549885216725e-05,6,12,True,MOCK DATA / NOT A SCIENTIFIC RESULT,displacement-report-draft-v1
speaking,4,MOCK_G13,MOCK_S25,2,0.00014524449165974167,6,12,True,MOCK DATA / NOT A SCIENTIFIC RESULT,displacement-report-draft-v1
speaking,4,MOCK_G13,MOCK_S25,3,0.0002540842275361583,6,12,True,MOCK DATA / NOT A SCIENTIFIC RESULT,displacement-report-draft-v1
speaking,4,MOCK_G13,MOCK_S26,-3,0.00012512906340969156,6,12,True,MOCK DATA / NOT A SCIENTIFIC RESULT,displacement-report-draft-v1
speaking,4,MOCK_G13,MOCK_S26,-2,4.0264148776850065e-05,6,12,True,MOCK DATA / NOT A SCIENTIFIC RESULT,displacement-report-draft-v1
speaking,4,MOCK_G13,MOCK_S26,-1,-6.988723767416604e-06,6,12,True,MOCK DATA / NOT A SCIENTIFIC RESULT,displacement-report-draft-v1
speaking,4,MOCK_G13,MOCK_S26,0,0.0,6,12,True,MOCK DATA / NOT A SCIENTIFIC RESULT,displacement-report-draft-v1
speaking,4,MOCK_G13,MOCK_S26,1,6.014612102405847e-05,6,12,True,MOCK DATA / NOT A SCIENTIFIC RESULT,displacement-report-draft-v1
speaking,4,MOCK_G13,MOCK_S26,2,0.00015492713623980014,6,12,True,MOCK DATA / NOT A SCIENTIFIC RESULT,displacement-report-draft-v1
speaking,4,MOCK_G13,MOCK_S26,3,0.00025784334360483334,6,12,True,MOCK DATA / NOT A SCIENTIFIC RESULT,displacement-report-draft-v1
speaking,4,MOCK_G14,MOCK_S27,-3,7.62179871126501e-05,6,12,True,MOCK DATA / NOT A SCIENTIFIC RESULT,displacement-report-draft-v1
speaking,4,MOCK_G14,MOCK_S27,-2,9.938231627166873e-06,6,12,True,MOCK DATA / NOT A SCIENTIFIC RESULT,displacement-report-draft-v1
speaking,4,MOCK_G14,MOCK_S27,-1,-2.0247076810349965e-05,6,12,True,MOCK DATA / NOT A SCIENTIFIC RESULT,displacement-report-draft-v1
speaking,4,MOCK_G14,MOCK_S27,0,0.0,6,12,True,MOCK DATA / NOT A SCIENTIFIC RESULT,displacement-report-draft-v1
speaking,4,MOCK_G14,MOCK_S27,1,6.762220561097518e-05,6,12,True,MOCK DATA / NOT A SCIENTIFIC RESULT,displacement-report-draft-v1
speaking,4,MOCK_G14,MOCK_S27,2,0.00016292276239271677,6,12,True,MOCK DATA / NOT A SCIENTIFIC RESULT,displacement-report-draft-v1
speaking,4,MOCK_G14,MOCK_S27,3,0.00025932844473143345,6,12,True,MOCK DATA / NOT A SCIENTIFIC RESULT,displacement-report-draft-v1
speaking,4,MOCK_G14,MOCK_S28,-3,3.516373675978334e-05,6,12,True,MOCK DATA / NOT A SCIENTIFIC RESULT,displacement-report-draft-v1
speaking,4,MOCK_G14,MOCK_S28,-2,-1.519123581889166e-05,6,12,True,MOCK DATA / NOT A SCIENTIFIC RESULT,displacement-report-draft-v1
speaking,4,MOCK_G14,MOCK_S28,-1,-3.105037917375004e-05,6,12,True,MOCK DATA / NOT A SCIENTIFIC RESULT,displacement-report-draft-v1
speaking,4,MOCK_G14,MOCK_S28,0,0.0,6,12,True,MOCK DATA / NOT A SCIENTIFIC RESULT,displacement-report-draft-v1
speaking,4,MOCK_G14,MOCK_S28,1,7.330029419193343e-05,6,12,True,MOCK DATA / NOT A SCIENTIFIC RESULT,displacement-report-draft-v1
speaking,4,MOCK_G14,MOCK_S28,2,0.0001682618638730335,6,12,True,MOCK DATA / NOT A SCIENTIFIC RESULT,displacement-report-draft-v1
speaking,4,MOCK_G14,MOCK_S28,3,0.00025835945561101674,6,12,True,MOCK DATA / NOT A SCIENTIFIC RESULT,displacement-report-draft-v1
speaking,4,MOCK_G15,MOCK_S29,-3,6.944328001091757e-06,6,12,True,MOCK DATA / NOT A SCIENTIFIC RESULT,displacement-report-draft-v1
speaking,4,MOCK_G15,MOCK_S29,-2,-3.207719068357484e-05,6,12,True,MOCK DATA / NOT A SCIENTIFIC RESULT,displacement-report-draft-v1
speaking,4,MOCK_G15,MOCK_S29,-1,-3.8088681028399756e-05,6,12,True,MOCK DATA / NOT A SCIENTIFIC RESULT,displacement-report-draft-v1
speaking,4,MOCK_G15,MOCK_S29,0,0.0,6,12,True,MOCK DATA / NOT A SCIENTIFIC RESULT,displacement-report-draft-v1
speaking,4,MOCK_G15,MOCK_S29,1,7.649189255313326e-05,6,12,True,MOCK DATA / NOT A SCIENTIFIC RESULT,displacement-report-draft-v1
speaking,4,MOCK_G15,MOCK_S29,2,0.00017029705020354174,6,12,True,MOCK DATA / NOT A SCIENTIFIC RESULT,displacement-report-draft-v1
speaking,4,MOCK_G15,MOCK_S29,3,0.0002550538706068751,6,12,True,MOCK DATA / NOT A SCIENTIFIC RESULT,displacement-report-draft-v1
speaking,4,MOCK_G15,MOCK_S30,-3,-5.0185067672583e-06,6,12,True,MOCK DATA / NOT A SCIENTIFIC RESULT,displacement-report-draft-v1
speaking,4,MOCK_G15,MOCK_S30,-2,-3.867213369805842e-05,6,12,True,MOCK DATA / NOT A SCIENTIFIC RESULT,displacement-report-draft-v1
speaking,4,MOCK_G15,MOCK_S30,-1,-4.050855607912503e-05,6,12,True,MOCK DATA / NOT A SCIENTIFIC RESULT,displacement-report-draft-v1
speaking,4,MOCK_G15,MOCK_S30,0,0.0,6,12,True,MOCK DATA / NOT A SCIENTIFIC RESULT,displacement-report-draft-v1
speaking,4,MOCK_G15,MOCK_S30,1,7.681000479399181e-05,6,12,True,MOCK DATA / NOT A SCIENTIFIC RESULT,displacement-report-draft-v1
speaking,4,MOCK_G15,MOCK_S30,2,0.0001687815457321587,6,12,True,MOCK DATA / NOT A SCIENTIFIC RESULT,displacement-report-draft-v1
speaking,4,MOCK_G15,MOCK_S30,3,0.00024981250702157525,6,12,True,MOCK DATA / NOT A SCIENTIFIC RESULT,displacement-report-draft-v1
