is_synthetic,synthetic_notice,row_type,subject_id,value,ci_low,ci_high
True,FAKE DATA - NOT FOR SCIENTIFIC CONCLUSIONS,subject,MOCK_S01,0.136925,,
True,FAKE DATA - NOT FOR SCIENTIFIC CONCLUSIONS,subject,MOCK_S02,0.1258205,,
True,FAKE DATA - NOT FOR SCIENTIFIC CONCLUSIONS,subject,MOCK_S03,0.12612075,,
True,FAKE DATA - NOT FOR SCIENTIFIC CONCLUSIONS,subject,MOCK_S04,0.1352015,,
True,FAKE DATA - NOT FOR SCIENTIFIC CONCLUSIONS,subject,MOCK_S05,0.1311825,,
True,FAKE DATA - NOT FOR SCIENTIFIC CONCLUSIONS,subject,MOCK_S06,0.126776,,
True,FAKE DATA - NOT FOR SCIENTIFIC CONCLUSIONS,subject,MOCK_S07,0.13888975,,
True,FAKE DATA - NOT FOR SCIENTIFIC CONCLUSIONS,subject,MOCK_S08,0.1247185,,
True,FAKE DATA - NOT FOR SCIENTIFIC CONCLUSIONS,summary,,0.12897925,0.1258205,0.136925
