is_synthetic,synthetic_notice,subject_id,outer_fold,frame_count,valid_frame_count,missing_ratio,sampling_rate_hz,sequence_length,mean_motion_magnitude,active_interval_ratio
<<<<<<< Updated upstream
<<<<<<< Updated upstream
True,MOCK DATA / NOT A SCIENTIFIC RESULT,MOCK_S01,0,3600,3564,0.01,30.0,3600,0.124,0.43
True,MOCK DATA / NOT A SCIENTIFIC RESULT,MOCK_S02,1,3660,3616,0.012,30.0,3660,0.128,0.44
True,MOCK DATA / NOT A SCIENTIFIC RESULT,MOCK_S03,2,3720,3668,0.014,30.0,3720,0.132,0.45
True,MOCK DATA / NOT A SCIENTIFIC RESULT,MOCK_S04,3,3780,3719,0.016,30.0,3780,0.136,0.46
=======
=======
>>>>>>> Stashed changes
True,FAKE DATA - NOT FOR SCIENTIFIC CONCLUSIONS,MOCK_S01,0,3660,3620,0.011,30.0,3660,0.124,0.43
True,FAKE DATA - NOT FOR SCIENTIFIC CONCLUSIONS,MOCK_S02,1,3720,3675,0.012,30.0,3720,0.128,0.44
True,FAKE DATA - NOT FOR SCIENTIFIC CONCLUSIONS,MOCK_S03,2,3780,3731,0.013,30.0,3780,0.132,0.45
True,FAKE DATA - NOT FOR SCIENTIFIC CONCLUSIONS,MOCK_S04,3,3840,3786,0.014,30.0,3840,0.136,0.46
True,FAKE DATA - NOT FOR SCIENTIFIC CONCLUSIONS,MOCK_S05,0,3900,3842,0.015,30.0,3900,0.14,0.47
True,FAKE DATA - NOT FOR SCIENTIFIC CONCLUSIONS,MOCK_S06,1,3960,3897,0.016,30.0,3960,0.144,0.48
True,FAKE DATA - NOT FOR SCIENTIFIC CONCLUSIONS,MOCK_S07,2,4020,3952,0.017,30.0,4020,0.148,0.49
True,FAKE DATA - NOT FOR SCIENTIFIC CONCLUSIONS,MOCK_S08,3,4080,4007,0.018,30.0,4080,0.152,0.5
<<<<<<< Updated upstream
>>>>>>> Stashed changes
=======
>>>>>>> Stashed changes
